﻿<?xml version="1.0" encoding="utf-8"?>
<Module>
	<Name value = "Renascence Caradia"/>
	<Id value = "Renascencecaradia"/>
	<Version value = "v2.1.2"/>
	<SingleplayerModule value="true"/>
	<MultiplayerModule value="false"/>
	<DependedModules>
        <DependedModule Id="Native" DependentVersion="v1.1.4" Optional="true"/>
        <DependedModule Id="SandBoxCore" DependentVersion="v1.1.4" Optional="true"/>
        <DependedModule Id="Sandbox" DependentVersion="v1.1.4" Optional="true"/>
        <DependedModule Id="CustomBattle" DependentVersion="v1.1.4" Optional="true"/>
        <DependedModule Id="StoryMode" DependentVersion="v1.1.4" Optional="true"/>
	</DependedModules>
    <SubModules>
	</SubModules>
   <Xmls>
   <XmlNode>
		<XmlName id="NPCCharacters" path="rc_army"/>
		<IncludedGameTypes>
			<Gametype value = "Campaign"/>
			<Gametype value = "CampaignStoryMode"/>
			<GameType value = "CustomGame"/>
		</IncludedGameTypes>
	</XmlNode>
	<XmlNode>
        <XmlName id="NPCCharacters" path="tree"/>
            <IncludedGameTypes>
                <GameType value="Campaign"/>
                <GameType value="CampaignStoryMode"/>
            </IncludedGameTypes>
    </XmlNode>
	<XmlNode>
		<XmlName id="NPCCharacters" path="lords"/>
		<IncludedGameTypes>
			<Gametype value = "Campaign"/>
			<Gametype value = "CampaignStoryMode"/>
			<GameType value = "Sandbox"/>
			<GameType value = "SandBoxCore"/>
		</IncludedGameTypes>
	</XmlNode>
	<XmlNode>                
			<XmlName id="SPCultures" path="cultures"/>
			<IncludedGameTypes>
				<GameType value = "Campaign"/>
				<GameType value = "CampaignStoryMode"/>
				<GameType value = "CustomGame"/>			
			</IncludedGameTypes>
	</XmlNode>             
	<XmlNode>  
			<XmlName id="Items" path="items"/>
			<IncludedGameTypes>
				<GameType value = "Campaign"/>
				<GameType value = "CampaignStoryMode"/>
				<GameType value = "CustomGame"/>
			</IncludedGameTypes>
	</XmlNode>
	<XmlNode>
	<XmlName id="partyTemplates" path="partyTemplates"/>
			<IncludedGameTypes>
				<GameType value = "Campaign"/>
				<GameType value = "CampaignStoryMode"/>
			</IncludedGameTypes>
	</XmlNode>
	<XmlNode>
            <XmlName id="CraftingPieces" path="crafting_pieces"/>
            <IncludedGameTypes>
                <GameType value = "Campaign"/>
                <GameType value = "CampaignStoryMode"/>
                <GameType value = "CustomGame"/>
            </IncludedGameTypes>
    </XmlNode>
	<XmlNode>
            <XmlName id="CraftingTemplates" path="crafting_templates"/>
            <IncludedGameTypes>
                <GameType value = "Campaign"/>
                <GameType value = "CampaignStoryMode"/>
                <GameType value = "CustomGame"/>
            </IncludedGameTypes>
    </XmlNode>	
	<XmlNode>
            <XmlName id="WeaponDescriptions" path="weapon_descriptions"/>
            <IncludedGameTypes>
                <GameType value = "Campaign"/>
                <GameType value = "CampaignStoryMode"/>
                <GameType value = "CustomGame"/>
            </IncludedGameTypes>
    </XmlNode>	
	<XmlNode>                
			<XmlName id="NPCCharacters" path="rc_specialcharacters"/>
			<IncludedGameTypes>
				<GameType value = "Campaign"/>
				<GameType value = "CampaignStoryMode"/>
			    <GameType value = "Sandbox"/>
			    <GameType value = "SandBoxCore"/>
			</IncludedGameTypes>
	</XmlNode>
	<XmlNode>                
			<XmlName id="EquipmentRosters" path="ete_equipment_sets"/>
			<IncludedGameTypes>
				<GameType value = "Campaign"/>
				<GameType value = "CampaignStoryMode"/>
			</IncludedGameTypes>
	</XmlNode>
	<XmlNode>                
		<XmlName id="Lords" path="lords"/>
		<IncludedGameTypes>
			<Gametype value = "Campaign"/>
			<Gametype value = "CampaignStoryMode"/>
			<GameType value = "Sandbox"/>
			<GameType value = "SandBoxCore"/>
		</IncludedGameTypes>	
	</XmlNode>  		
	<XmlNode>                
		<XmlName id="Heroes" path="rc_heroes"/>
		<IncludedGameTypes>
			<Gametype value = "Campaign"/>
			<Gametype value = "CampaignStoryMode"/>
			<GameType value = "Sandbox"/>
			<GameType value = "SandBoxCore"/>
		</IncludedGameTypes>	
	</XmlNode>
	<XmlNode>
      <XmlName id="GameText" path="module_strings"/>
      <Gametype value = "Campaign"/>
	  <Gametype value = "CampaignStoryMode"/>
      <GameType value = "Sandbox"/>
	  <GameType value = "SandBoxCore"/>
    </XmlNode>
	<XmlNode>                
		<XmlName id="Factions" path="rc_clans"/>
		<IncludedGameTypes>
			<Gametype value = "Campaign"/>
			<Gametype value = "CampaignStoryMode"/>
		</IncludedGameTypes>	
	</XmlNode>
	<XmlNode>
		<XmlName id="EquipmentRosters" path="sandboxcore_equipment_sets" />
		<IncludedGameTypes>
			<GameType value="Campaign" />
			<GameType value="CampaignStoryMode" />
		</IncludedGameTypes>
	</XmlNode>
    <XmlNode>
      <XmlName id="NPCCharacters" path="rc_spcompanion" />
      <IncludedGameTypes>
				<GameType value = "Campaign"/>
				<GameType value = "CampaignStoryMode"/>
      </IncludedGameTypes>
    </XmlNode>
    <XmlNode>
      <XmlName id="Item_modifiers" path="rc_item_modifiers" />
      <IncludedGameTypes>
			<GameType value = "Campaign"/>
            <GameType value = "Native"/>
			<GameType value = "Sandbox"/>
			<GameType value = "SandBoxCore"/>
			<GameType value = "CampaignStoryMode"/>
      </IncludedGameTypes>
    </XmlNode>
    <XmlNode>
	   <XmlName id="SPCultures" path="rc_edit_spcultures"/>
    </XmlNode>
    <XmlNode>
		<XmlName id="GameText" path="rc_wanderer_strings"/>
    </XmlNode>
	<XmlNode>
		<XmlName id="NPCCharacters" path="merc"/>
		<IncludedGameTypes>
			<Gametype value = "Campaign"/>
			<Gametype value = "CampaignStoryMode"/>
			<GameType value = "CustomGame"/>
		</IncludedGameTypes>
	</XmlNode>
	<XmlNode>
		<XmlName id="NPCCharacters" path="caravan"/>
		<IncludedGameTypes>
			<Gametype value = "Campaign"/>
			<Gametype value = "CampaignStoryMode"/>
			<GameType value = "CustomGame"/>
		</IncludedGameTypes>
	</XmlNode>
	<!--<XmlNode>
		<XmlName id="Settlements" path="settlements" />
		<IncludedGameTypes>
			<GameType value="Campaign" />
			<GameType value="CampaignStoryMode" />
		</IncludedGameTypes>
	</XmlNode>-->	
 <!-- 暂停暂停	-->
   </Xmls>
</Module>