<?xml version="1.0" encoding="utf-8"?>
<strings>
	<string id="str_fatherhusband" text="{=fatherhusband}Father-husband"/>
	<string id="str_motherwife" text="{=motherwife}Mother-wife"/>
	<string id="str_brotherhusband" text="{=brotherhusband}Brother-husband"/>
	<string id="str_sisterwife" text="{=sisterwife}Sister-wife"/>
	<string id="str_sonhusband" text="{=sonhusband}Son-husband"/>
	<string id="str_daughterwife" text="{=daughterwife}Daughter-wife"/>
	<string id="str_exhusband" text="{=exhusband}Ex-husband"/>
	<string id="str_exwife" text="{=exwife}Ex-wife"/>
	<string id="str_husband" text="{=husband}Husband"/>
	<string id="str_wife" text="{=wife}Wife"/>
	<string id="str_husbands_wife" text="{=husbands_wife}Husband's wife"/>
	<string id="str_husbands_husband" text="{=husbands_husband}Husband's husband"/>
	<string id="str_wifes_husband" text="{=wifes_husband}Wife's husband"/>
	<string id="str_wifes_wife" text="{=wifes_wife}Wife's wife"/>
	<string id="str_you" text="{=you}You"/>
</strings>