<?xml version="1.0" encoding="UTF-8"?>
<Module xmlns:xsi='http://www.w3.org/2001/XMLSchema-instance'
        xsi:noNamespaceSchemaLocation="https://raw.githubusercontent.com/BUTR/Bannerlord.XmlSchemas/master/SubModule.xsd" >
  <Id value="RCFunctionMod" />
  <Name value="RC Function" />
  <Version value="v1.0.2" />
  <DefaultModule value="false" />
  <ModuleCategory value="Singleplayer"/>
  <ModuleType value="Community" />
  <Url value="$moduleurl$" />
  <DependedModules>
    <DependedModule Id="Bannerlord.Harmony" DependentVersion="v2.2.2" />
    <DependedModule Id="Native" DependentVersion="v1.2.2" />
    <DependedModule Id="SandBoxCore" DependentVersion="v1.2.2" />
    <DependedModule Id="Sandbox" DependentVersion="v1.2.2" />
    <DependedModule Id="StoryMode" DependentVersion="v1.2.2" />
    <DependedModule Id="CustomBattle" DependentVersion="v1.2.2" />
  </DependedModules>
  <!-- Community Dependency Metadata -->
  <!-- https://github.com/BUTR/Bannerlord.BLSE#for-modders -->
  <DependedModuleMetadatas>
    <DependedModuleMetadata id="Bannerlord.Harmony" order="LoadBeforeThis" version="v2.2.2" />
    <DependedModuleMetadata id="Native" order="LoadBeforeThis" version="v1.2.2.*" />
    <DependedModuleMetadata id="SandBoxCore" order="LoadBeforeThis" version="v1.2.2.*" />
    <DependedModuleMetadata id="Sandbox" order="LoadBeforeThis" version="v1.2.2.*" />
    <DependedModuleMetadata id="StoryMode" order="LoadBeforeThis" version="v1.2.2.*" />
    <DependedModuleMetadata id="CustomBattle" order="LoadBeforeThis" version="v1.2.2.*" />
  </DependedModuleMetadatas>
  <SubModules>
    <SubModule>
      <Name value="RCFunctionMod" />
      <DLLName value="RCFunctionMod.1.2.2.dll" />
      <SubModuleClassType value="RCFunctionMod.SubModule" />
      <Tags />
    </SubModule>
  </SubModules>
</Module>