﻿<?xml version="1.0" encoding="utf-8"?>
<NPCCharacters>
 <!-- #region empire-->
  <NPCCharacter id="trader_empire"
                default_group="Infantry"
                level="11"
                name="{=ete0211}Imperial Caravan Hand"
                occupation="CaravanGuard"
                culture="Culture.empire"
                is_basic_troop="true">
    <face>
      <face_key_template value="BodyProperty.fighter_empire" />
    </face>
    <skills>
      <skill id="Athletics"
             value="40" />
      <skill id="Riding"
             value="15" />
      <skill id="OneHanded"
             value="40" />
      <skill id="TwoHanded"
             value="20" />
      <skill id="Polearm"
             value="40" />
      <skill id="Bow"
             value="5" />
      <skill id="Crossbow"
             value="20" />
      <skill id="Throwing"
             value="15" />
    </skills>
    <upgrade_targets>
     <upgrade_target id="NPCCharacter.armed_trader_melee_empire" />
     <upgrade_target id="NPCCharacter.armed_trader_ranged_empire" />
    </upgrade_targets>
    <Equipments>
      <EquipmentRoster>
        <equipment slot="Item0"
                   id="Item.empire_sword_1_t2" />
        <equipment slot="Body"
                   id="Item.tunic_with_shoulder_pads" />
        <equipment slot="Leg"
                   id="Item.strapped_leather_boots" />
        <equipment slot="Head"
                   id="Item.imperial_leather_coif" />
      </EquipmentRoster>
      <EquipmentRoster>
        <equipment slot="Item0"
                   id="Item.empire_mace_1_t2" />
        <equipment slot="Body"
                   id="Item.footmans_tunic" />
        <equipment slot="Leg"
                   id="Item.leather_shoes" />
      </EquipmentRoster>
      <EquipmentRoster>
        <equipment slot="Item0"
                   id="Item.empire_mace_1_t2" />
        <equipment slot="Item1"
                   id="Item.imperial_spear_t2" />
        <equipment slot="Body"
                   id="Item.tunic_with_rolled_cloth" />
        <equipment slot="Leg"
                   id="Item.leather_shoes" />
      </EquipmentRoster>
     <EquipmentSet id="empire_troop_civilian_template_t1"
                    civilian="true" />
    </Equipments>
   </NPCCharacter>
  <NPCCharacter id="armed_trader_melee_empire"
                default_group="Infantry"
                level="16"
                name="{=ete0212}Imperial Caravan Defender"
                occupation="CaravanGuard"
                culture="Culture.empire">
    <face>
      <face_key_template value="BodyProperty.fighter_empire" />
    </face>
    <skills>
      <skill id="Athletics"
             value="70" />
      <skill id="Riding"
             value="10" />
      <skill id="OneHanded"
             value="70" />
      <skill id="TwoHanded"
             value="40" />
      <skill id="Polearm"
             value="40" />
      <skill id="Bow"
             value="30" />
      <skill id="Crossbow"
             value="30" />
      <skill id="Throwing"
             value="70" />
    </skills>
    <upgrade_targets>
    </upgrade_targets>
    <Equipments>
      <EquipmentRoster>
        <equipment slot="Item0"
                   id="Item.empire_sword_3_t3" />
        <equipment slot="Item1"
                   id="Item.worn_horsemans_kite_shield" />
        <equipment slot="Body"
                   id="Item.empire_warrior_padded_armor_a" />
        <equipment slot="Leg"
                   id="Item.empire_horseman_boots" />
        <equipment slot="Head"
                   id="Item.laced_coif" />
        <equipment slot="Cape"
                   id="Item.scarf" />           
      </EquipmentRoster>
      <EquipmentRoster>
        <equipment slot="Item0"
                   id="Item.empire_sword_3_t3" />
        <equipment slot="Item1"
                   id="Item.worn_horsemans_kite_shield" />
        <equipment slot="Item2"
                   id="Item.western_javelin_1_t2" />           
        <equipment slot="Body"
                   id="Item.empire_warrior_padded_armor_a" />
        <equipment slot="Leg"
                   id="Item.leather_shoes" />
        <equipment slot="Head"
                   id="Item.merchants_hat" />           
      </EquipmentRoster>
      <EquipmentRoster>
        <equipment slot="Item0"
                   id="Item.empire_sword_3_t3" />
        <equipment slot="Item1"
                   id="Item.worn_horsemans_kite_shield" />
        <equipment slot="Item2"
                   id="Item.imperial_spear_t2" />
        <equipment slot="Body"
                   id="Item.footmans_tunic" />
        <equipment slot="Leg"
                   id="Item.leather_shoes" />
      </EquipmentRoster>
      <EquipmentSet id="empire_troop_civilian_template_t1"
                    civilian="true" />
    </Equipments>
   </NPCCharacter>
  <NPCCharacter id="armed_trader_ranged_empire"
                default_group="Ranged"
                level="16"
                name="{=ete0213}Imperial Caravan Protector"
                occupation="CaravanGuard"
                culture="Culture.empire">
    <face>
      <face_key_template value="BodyProperty.fighter_empire" />
    </face>
    <skills>
      <skill id="Athletics"
             value="70" />
      <skill id="Riding"
             value="10" />
      <skill id="OneHanded"
             value="70" />
      <skill id="TwoHanded"
             value="40" />
      <skill id="Polearm"
             value="30" />
      <skill id="Bow"
             value="70" />
      <skill id="Crossbow"
             value="30" />
      <skill id="Throwing"
             value="40" />
    </skills>
    <upgrade_targets>
    </upgrade_targets>
    <Equipments>
      <EquipmentRoster>
        <equipment slot="Item0"
                   id="Item.mountain_hunting_bow" />
        <equipment slot="Item1"
                   id="Item.default_arrows" />
        <equipment slot="Item2"
                   id="Item.vlandia_mace_1_t2" />
        <equipment slot="Body"
                   id="Item.empire_warrior_padded_armor_a" />
        <equipment slot="Leg"
                   id="Item.strapped_leather_boots" />
        <equipment slot="Head"
                   id="Item.imperial_leather_coif" />
      </EquipmentRoster>
      <EquipmentRoster>
        <equipment slot="Item0"
                   id="Item.mountain_hunting_bow" />
        <equipment slot="Item1"
                   id="Item.range_arrows" />
        <equipment slot="Item2"
                   id="Item.battania_mace_1_t2" />
        <equipment slot="Body"
                   id="Item.tunic_with_rolled_cloth" />
        <equipment slot="Leg"
                   id="Item.leather_shoes" />
        <equipment slot="Head"
                   id="Item.merchants_hat" />                 
      </EquipmentRoster>
      <EquipmentRoster>
        <equipment slot="Item0"
                   id="Item.mountain_hunting_bow" />
        <equipment slot="Item1"
                   id="Item.range_arrows" />
        <equipment slot="Item2"
                   id="Item.vlandia_mace_1_t2" />
        <equipment slot="Body"
                   id="Item.footmans_tunic" />
        <equipment slot="Leg"
                   id="Item.leather_shoes" />
        <equipment slot="Cape"
                   id="Item.scarf" />            
      </EquipmentRoster>
      <EquipmentSet id="empire_troop_civilian_template_t1"
                    civilian="true" />
    </Equipments>
   </NPCCharacter>
 <!-- #region aserai-->
  <NPCCharacter id="trader_aserai"
                default_group="Infantry"
                level="11"
                name="{=ete0214}Aserai Caravan Hand"
                occupation="CaravanGuard"
                culture="Culture.aserai"
                is_basic_troop="true">
    <face>
      <face_key_template value="BodyProperty.fighter_aserai" />
    </face>
    <skills>
      <skill id="Athletics"
             value="40" />
      <skill id="Riding"
             value="15" />
      <skill id="OneHanded"
             value="40" />
      <skill id="TwoHanded"
             value="20" />
      <skill id="Polearm"
             value="40" />
      <skill id="Bow"
             value="5" />
      <skill id="Crossbow"
             value="20" />
      <skill id="Throwing"
             value="15" />
    </skills>
    <upgrade_targets>
     <upgrade_target id="NPCCharacter.armed_trader_melee_aserai" />
     <upgrade_target id="NPCCharacter.armed_trader_ranged_aserai" />
    </upgrade_targets>
    <Equipments>
      <EquipmentRoster>
        <equipment slot="Item0"
                   id="Item.aserai_sword_2_t2" />
        <equipment slot="Body"
                   id="Item.aserai_civil_e" />
        <equipment slot="Leg"
                   id="Item.khuzait_curved_boots" />
        <equipment slot="Head"
                   id="Item.aserai_civil_c_head" />           
      </EquipmentRoster>
       <EquipmentRoster>
        <equipment slot="Item0"
                   id="Item.aserai_axe_1_t2" />
        <equipment slot="Item1"
                   id="Item.eastern_spear_1_t2" />
        <equipment slot="Body"
                   id="Item.aserai_civil_e" />
        <equipment slot="Leg"
                   id="Item.khuzait_curved_boots" />
      </EquipmentRoster>
       <EquipmentRoster>
        <equipment slot="Item0"
                   id="Item.aserai_axe_1_t2" />
        <equipment slot="Item1"
                   id="Item.eastern_spear_1_t2" />
        <equipment slot="Body"
                   id="Item.aserai_civil_c" />
        <equipment slot="Leg"
                   id="Item.khuzait_curved_boots" />
      </EquipmentRoster>
      <EquipmentRoster civilian="true">
        <equipment slot="Item2"
                   id="Item.aserai_sword_1_t2" />
        <equipment slot="Body"
                   id="Item.aserai_civil_c" />
        <equipment slot="Leg"
                   id="Item.khuzait_curved_boots" />
      </EquipmentRoster>
    </Equipments>
   </NPCCharacter>
  <NPCCharacter id="armed_trader_melee_aserai"
                default_group="Infantry"
                level="16"
                name="{=ete0215}Aserai Caravan Defender"
                occupation="CaravanGuard"
                culture="Culture.aserai">
    <face>
      <face_key_template value="BodyProperty.fighter_aserai" />
    </face>
    <skills>
      <skill id="Athletics"
             value="70" />
      <skill id="Riding"
             value="10" />
      <skill id="OneHanded"
             value="70" />
      <skill id="TwoHanded"
             value="40" />
      <skill id="Polearm"
             value="40" />
      <skill id="Bow"
             value="30" />
      <skill id="Crossbow"
             value="30" />
      <skill id="Throwing"
             value="70" />
    </skills>
    <upgrade_targets></upgrade_targets>
    <Equipments>
      <EquipmentRoster>
        <equipment slot="Item0"
                   id="Item.aserai_sword_2_t2" />
        <equipment slot="Item1"
                   id="Item.bound_adarga" />
        <equipment slot="Body"
                   id="Item.short_padded_robe" />
        <equipment slot="Leg"
                   id="Item.khuzait_curved_boots" />
        <equipment slot="Head"
                   id="Item.tuareg" />           
      </EquipmentRoster>
       <EquipmentRoster>
        <equipment slot="Item0"
                   id="Item.aserai_axe_1_t2" />
        <equipment slot="Item1"
                   id="Item.bound_adarga" />
        <equipment slot="Item2"
                   id="Item.southern_throwing_axe_1_t4" />               
        <equipment slot="Body"
                   id="Item.aserai_horseman_armor" />
        <equipment slot="Leg"
                   id="Item.khuzait_curved_boots" />
        <equipment slot="Head"
                   id="Item.tuareg" />           
      </EquipmentRoster>
       <EquipmentRoster>
        <equipment slot="Item0"
                   id="Item.aserai_axe_1_t2" />
        <equipment slot="Item1"
                   id="Item.bound_adarga" />
        <equipment slot="Item2"
                   id="Item.eastern_spear_1_t2" />           
        <equipment slot="Body"
                   id="Item.desert_padded_cloth" />
        <equipment slot="Leg"
                   id="Item.khuzait_curved_boots" />
        <equipment slot="Head"
                   id="Item.trailed_desert_helmet" />           
      </EquipmentRoster>
      <EquipmentRoster civilian="true">
        <equipment slot="Item2"
                   id="Item.aserai_sword_1_t2" />
        <equipment slot="Body"
                   id="Item.aserai_civil_c" />
        <equipment slot="Leg"
                   id="Item.khuzait_curved_boots" />
      </EquipmentRoster>
    </Equipments>
   </NPCCharacter>
  <NPCCharacter id="armed_trader_ranged_aserai"
                default_group="Ranged"
                level="16"
                name="{=ete0216}Aserai Caravan Protector"
                occupation="CaravanGuard"
                culture="Culture.aserai">
    <face>
      <face_key_template value="BodyProperty.fighter_aserai" />
    </face>
    <skills>
      <skill id="Athletics"
             value="70" />
      <skill id="Riding"
             value="10" />
      <skill id="OneHanded"
             value="70" />
      <skill id="TwoHanded"
             value="40" />
      <skill id="Polearm"
             value="40" />
      <skill id="Bow"
             value="70" />
      <skill id="Crossbow"
             value="30" />
      <skill id="Throwing"
             value="30" />
    </skills>
    <upgrade_targets></upgrade_targets>
    <Equipments>
      <EquipmentRoster>
        <equipment slot="Item0"
                   id="Item.hunting_bow" />
        <equipment slot="Item1"
                   id="Item.default_arrows" />
        <equipment slot="Item2"
                   id="Item.aserai_sword_2_t2" />
        <equipment slot="Body"
                   id="Item.short_padded_robe" />
        <equipment slot="Leg"
                   id="Item.khuzait_curved_boots" />
        <equipment slot="Head"
                   id="Item.tuareg" />
       </EquipmentRoster>           
         <EquipmentRoster>
        <equipment slot="Item0"
                   id="Item.hunting_bow" />
        <equipment slot="Item1"
                   id="Item.default_arrows" />
        <equipment slot="Item2"
                   id="Item.aserai_axe_1_t2" />
        <equipment slot="Body"
                   id="Item.desert_padded_cloth" />
        <equipment slot="Leg"
                   id="Item.khuzait_curved_boots" />
        <equipment slot="Head"
                   id="Item.tuareg" />                                 
      </EquipmentRoster>
      <EquipmentRoster civilian="true">
        <equipment slot="Item2"
                   id="Item.aserai_sword_1_t2" />
        <equipment slot="Body"
                   id="Item.aserai_civil_c" />
        <equipment slot="Leg"
                   id="Item.khuzait_curved_boots" />
      </EquipmentRoster>
    </Equipments>
   </NPCCharacter>
 <!-- #region sturgia-->
  <NPCCharacter id="trader_sturgia"
                default_group="Infantry"
                level="11"
                name="{=ete0217}Sturgian Caravan Hand"
                occupation="CaravanGuard"
                culture="Culture.sturgia"
                is_basic_troop="true">
    <face>
      <face_key_template value="BodyProperty.fighter_sturgia" />
    </face>
    <skills>
      <skill id="Athletics"
             value="40" />
      <skill id="Riding"
             value="15" />
      <skill id="OneHanded"
             value="40" />
      <skill id="TwoHanded"
             value="20" />
      <skill id="Polearm"
             value="40" />
      <skill id="Bow"
             value="5" />
      <skill id="Crossbow"
             value="20" />
      <skill id="Throwing"
             value="15" />
    </skills>
    <upgrade_targets>
     <upgrade_target id="NPCCharacter.armed_trader_melee_sturgia" />
     <upgrade_target id="NPCCharacter.armed_trader_ranged_sturgia" />
    </upgrade_targets>
    <Equipments>
     <EquipmentRoster>
        <equipment slot="Item0"
                   id="Item.sturgia_axe_2_t2" />
        <equipment slot="Body"
                   id="Item.northern_tunic" />
        <equipment slot="Leg"
                   id="Item.ragged_boots" />
        <equipment slot="Cape"
                   id="Item.scarf" />
        <equipment slot="Head"
                   id="Item.northern_fur_cap" />
      </EquipmentRoster>
      <EquipmentRoster>
        <equipment slot="Item0"
                   id="Item.sturgia_axe_2_t2" />
        <equipment slot="Body"
                   id="Item.heavy_nordic_tunic" />
        <equipment slot="Leg"
                   id="Item.ragged_boots" />
        <equipment slot="Cape"
                   id="Item.scarf" />
        <equipment slot="Head"
                   id="Item.northern_fur_cap" />
      </EquipmentRoster>
      <EquipmentRoster>
        <equipment slot="Item0"
                   id="Item.sturgia_axe_2_t2" />
        <equipment slot="Item1"
                   id="Item.northern_spear_1_t2" />
        <equipment slot="Body"
                   id="Item.heavy_nordic_tunic" />
        <equipment slot="Leg"
                   id="Item.highland_leg_wrappings" />
        <equipment slot="Head"
                   id="Item.northern_fur_cap" />
      </EquipmentRoster>
      <EquipmentSet id="sturgia_troop_civilian_template_t1"
                    civilian="true" />
    </Equipments>
   </NPCCharacter>

  <NPCCharacter id="armed_trader_melee_sturgia"
                default_group="Infantry"
                level="16"
                name="{=ete0218}Sturgian Caravan Defender"
                occupation="CaravanGuard"
                culture="Culture.sturgia">
    <face>
      <face_key_template value="BodyProperty.fighter_sturgia" />
    </face>
    <skills>
      <skill id="Athletics"
             value="70" />
      <skill id="Riding"
             value="10" />
      <skill id="OneHanded"
             value="70" />
      <skill id="TwoHanded"
             value="40" />
      <skill id="Polearm"
             value="40" />
      <skill id="Bow"
             value="30" />
      <skill id="Crossbow"
             value="30" />
      <skill id="Throwing"
             value="70" />
    </skills>
    <upgrade_targets></upgrade_targets>
    <Equipments>
      <EquipmentRoster>
        <equipment slot="Item0"
                   id="Item.northern_spear_1_t2" />
        <equipment slot="Item1"
                   id="Item.northern_round_shield" />
        <equipment slot="Item2"
                   id="Item.sturgia_axe_2_t2" />
        <equipment slot="Body"
                   id="Item.northern_padded_gambeson" />
        <equipment slot="Leg"
                   id="Item.battania_woodland_boots" />
        <equipment slot="Cape"
                   id="Item.scarf" />
        <equipment slot="Head"
                   id="Item.nasalhelm_over_leather" />           
      </EquipmentRoster>
      <EquipmentRoster>
        <equipment slot="Item0"
                   id="Item.northern_spear_1_t2" />
        <equipment slot="Item1"
                   id="Item.northern_round_shield" />
        <equipment slot="Item2"
                   id="Item.sturgia_axe_2_t2" />
        <equipment slot="Body"
                   id="Item.northern_padded_cloth" />
        <equipment slot="Leg"
                   id="Item.ragged_boots" />
        <equipment slot="Cape"
                   id="Item.scarf" />
        <equipment slot="Head"
                   id="Item.nasalhelm_over_leather" />
      </EquipmentRoster>
      <EquipmentRoster>
        <equipment slot="Item0"
                   id="Item.northern_throwing_axe_1_t1" />
        <equipment slot="Item1"
                   id="Item.northern_round_shield" />
        <equipment slot="Item2"
                   id="Item.sturgia_sword_2_t3" />
        <equipment slot="Body"
                   id="Item.heavy_nordic_tunic" />
        <equipment slot="Leg"
                   id="Item.highland_leg_wrappings" />
        <equipment slot="Head"
                   id="Item.northern_fur_cap" />
      </EquipmentRoster>
      <EquipmentSet id="sturgia_troop_civilian_template_t1"
                    civilian="true" />
    </Equipments>
   </NPCCharacter>
  <NPCCharacter id="armed_trader_ranged_sturgia"
                default_group="Ranged"
                level="16"
                name="{=ete0219}Sturgian Caravan Protector"
                occupation="CaravanGuard"
                culture="Culture.sturgia">
    <face>
      <face_key_template value="BodyProperty.fighter_sturgia" />
    </face>
    <skills>
      <skill id="Athletics"
             value="70" />
      <skill id="Riding"
             value="10" />
      <skill id="OneHanded"
             value="70" />
      <skill id="TwoHanded"
             value="40" />
      <skill id="Polearm"
             value="40" />
      <skill id="Bow"
             value="70" />
      <skill id="Crossbow"
             value="30" />
      <skill id="Throwing"
             value="30" />
    </skills>
    <upgrade_targets></upgrade_targets>
    <Equipments>
      <EquipmentRoster>
        <equipment slot="Item0"
                   id="Item.nordic_shortbow" />
        <equipment slot="Item1"
                   id="Item.default_arrows" />
        <equipment slot="Item2"
                   id="Item.sturgia_axe_2_t2" />
        <equipment slot="Body"
                   id="Item.northern_padded_gambeson" />
        <equipment slot="Leg"
                   id="Item.battania_woodland_boots" />
        <equipment slot="Cape"
                   id="Item.scarf" />
      </EquipmentRoster>
      <EquipmentRoster>
        <equipment slot="Item0"
                   id="Item.nordic_shortbow" />
        <equipment slot="Item1"
                   id="Item.range_arrows" />
        <equipment slot="Item2"
                   id="Item.sturgia_axe_2_t2" />
        <equipment slot="Body"
                   id="Item.layered_leather_tunic" />
        <equipment slot="Leg"
                   id="Item.ragged_boots" />
        <equipment slot="Cape"
                   id="Item.scarf" />
        <equipment slot="Head"
                   id="Item.northern_fur_cap" />
      </EquipmentRoster>
      <EquipmentRoster>
        <equipment slot="Item0"
                   id="Item.nordic_shortbow" />
        <equipment slot="Item1"
                   id="Item.range_arrows" />
        <equipment slot="Item2"
                   id="Item.sturgia_axe_2_t2" />
        <equipment slot="Body"
                   id="Item.layered_leather_tunic" />
        <equipment slot="Leg"
                   id="Item.highland_leg_wrappings" />
        <equipment slot="Head"
                   id="Item.northern_fur_cap" />
      </EquipmentRoster>
      <EquipmentSet id="sturgia_troop_civilian_template_t1"
                    civilian="true" />
    </Equipments>
   </NPCCharacter>
 <!-- #region vlandia-->
  <NPCCharacter id="trader_vlandia"
                default_group="Infantry"
                level="11"
                name="{=ete0220}Vlandian Caravan Hand"
                occupation="CaravanGuard"
                culture="Culture.vlandia"
                is_basic_troop="true">
    <face>
      <face_key_template value="BodyProperty.fighter_vlandia" />
    </face>
    <skills>
      <skill id="Athletics"
             value="40" />
      <skill id="Riding"
             value="15" />
      <skill id="OneHanded"
             value="40" />
      <skill id="TwoHanded"
             value="20" />
      <skill id="Polearm"
             value="40" />
      <skill id="Bow"
             value="5" />
      <skill id="Crossbow"
             value="20" />
      <skill id="Throwing"
             value="15" />
    </skills>
    <upgrade_targets>
     <upgrade_target id="NPCCharacter.armed_trader_melee_vlandia" />
     <upgrade_target id="NPCCharacter.armed_trader_ranged_vlandia" />
    </upgrade_targets>
    <Equipments>
      <EquipmentRoster>
        <equipment slot="Item0"
                   id="Item.vlandia_sword_1_t2" />
        <equipment slot="Body"
                   id="Item.bandit_leather_water_flask" />
        <equipment slot="Leg"
                   id="Item.leather_cavalier_boots" />
      </EquipmentRoster>
      <EquipmentRoster>
        <equipment slot="Item0"
                   id="Item.vlandia_sword_1_t2" />
        <equipment slot="Body"
                   id="Item.gambeson_b" />
        <equipment slot="Leg"
                   id="Item.leather_cavalier_boots" />
        <equipment slot="Cape"
                   id="Item.hood" />
      </EquipmentRoster>
      <EquipmentRoster>
        <equipment slot="Item1"
                   id="Item.western_spear_1_t2" />
        <equipment slot="Item0"
                   id="Item.vlandia_sword_1_t2" />
        <equipment slot="Body"
                   id="Item.layered_leather_tunic" />
        <equipment slot="Leg"
                   id="Item.leather_cavalier_boots" />
      </EquipmentRoster>
      <EquipmentSet id="vlandia_troop_civilian_template_t1"
                    civilian="true" />
    </Equipments>
   </NPCCharacter>
  <NPCCharacter id="armed_trader_melee_vlandia"
                default_group="Infantry"
                level="16"
                name="{=ete0221}Vlandian Caravan Defender"
                occupation="CaravanGuard"
                culture="Culture.vlandia">
    <face>
      <face_key_template value="BodyProperty.fighter_vlandia" />
    </face>
    <skills>
       <skill id="Athletics"
             value="70" />
      <skill id="Riding"
             value="10" />
      <skill id="OneHanded"
             value="70" />
      <skill id="TwoHanded"
             value="40" />
      <skill id="Polearm"
             value="40" />
      <skill id="Bow"
             value="30" />
      <skill id="Crossbow"
             value="30" />
      <skill id="Throwing"
             value="70" />
    </skills>
    <upgrade_targets></upgrade_targets>
    <Equipments>
      <EquipmentRoster>
        <equipment slot="Item0"
                   id="Item.small_heater_shield" />
        <equipment slot="Item1"
                   id="Item.vlandia_sword_1_t2" />
        <equipment slot="Body"
                   id="Item.aketon" />
        <equipment slot="Leg"
                   id="Item.leather_cavalier_boots" />
        <equipment slot="Head"
                   id="Item.arming_coif" />           
      </EquipmentRoster>
      <EquipmentRoster>
        <equipment slot="Item0"
                   id="Item.small_heater_shield" />
        <equipment slot="Item1"
                   id="Item.vlandia_sword_1_t2" />
        <equipment slot="Body"
                   id="Item.gambeson_b" />
        <equipment slot="Leg"
                   id="Item.leather_cavalier_boots" />
        <equipment slot="Cape"
                   id="Item.hood" />
        <equipment slot="Head"
                   id="Item.open_padded_coif" />                   
      </EquipmentRoster>
      <EquipmentRoster>
        <equipment slot="Item0"
                   id="Item.small_heater_shield" />
        <equipment slot="Item1"
                   id="Item.vlandia_axe_1_t3" />
        <equipment slot="Body"
                   id="Item.padded_short_coat" />
        <equipment slot="Leg"
                   id="Item.leather_cavalier_boots" />
      </EquipmentRoster>
      <EquipmentSet id="vlandia_troop_civilian_template_t1"
                    civilian="true" />
    </Equipments>
   </NPCCharacter>
  <NPCCharacter id="armed_trader_ranged_vlandia"
                default_group="Infantry"
                level="16"
                name="{=ete0222}Vlandian Caravan Protector"
                occupation="CaravanGuard"
                culture="Culture.vlandia">
    <face>
      <face_key_template value="BodyProperty.fighter_vlandia" />
    </face>
    <skills>
        <skill id="Athletics"
             value="70" />
      <skill id="Riding"
             value="10" />
      <skill id="OneHanded"
             value="70" />
      <skill id="TwoHanded"
             value="40" />
      <skill id="Polearm"
             value="40" />
      <skill id="Bow"
             value="30" />
      <skill id="Crossbow"
             value="70" />
      <skill id="Throwing"
             value="30" />
    </skills>
    <upgrade_targets></upgrade_targets>
    <Equipments>
      <EquipmentRoster>
        <equipment slot="Item0"
                   id="Item.crossbow_a" />
        <equipment slot="Item1"
                   id="Item.bolt_a" />
        <equipment slot="Item2"
                   id="Item.vlandia_sword_1_t2" />
        <equipment slot="Body"
                   id="Item.aketon" />
        <equipment slot="Leg"
                   id="Item.leather_cavalier_boots" />
      </EquipmentRoster>
      <EquipmentRoster>
        <equipment slot="Item0"
                   id="Item.crossbow_a" />
        <equipment slot="Item1"
                   id="Item.bolt_a" />
        <equipment slot="Item2"
                   id="Item.vlandia_sword_1_t2" />
        <equipment slot="Body"
                   id="Item.gambeson_b" />
        <equipment slot="Leg"
                   id="Item.leather_cavalier_boots" />
        <equipment slot="Cape"
                   id="Item.hood" />
      </EquipmentRoster>
      <EquipmentRoster>
        <equipment slot="Item0"
                   id="Item.crossbow_a" />
        <equipment slot="Item1"
                   id="Item.bolt_a" />
        <equipment slot="Item2"
                   id="Item.vlandia_sword_1_t2" />
        <equipment slot="Body"
                   id="Item.layered_leather_tunic" />
        <equipment slot="Leg"
                   id="Item.leather_cavalier_boots" />
      </EquipmentRoster>
      <EquipmentSet id="vlandia_troop_civilian_template_t1"
                    civilian="true" />
    </Equipments>
   </NPCCharacter>
 <!-- #region battania-->
  <NPCCharacter id="trader_battania"
                default_group="Infantry"
                level="11"
                name="{=ete0223}Battanian Caravan Hand"
                occupation="CaravanGuard"
                culture="Culture.battania"
                is_basic_troop="true">
    <face>
      <face_key_template value="BodyProperty.fighter_battania" />
    </face>
    <skills>
      <skill id="Athletics"
             value="40" />
      <skill id="Riding"
             value="15" />
      <skill id="OneHanded"
             value="40" />
      <skill id="TwoHanded"
             value="20" />
      <skill id="Polearm"
             value="40" />
      <skill id="Bow"
             value="5" />
      <skill id="Crossbow"
             value="20" />
      <skill id="Throwing"
             value="15" />
    </skills>
    <upgrade_targets>
     <upgrade_target id="NPCCharacter.armed_trader_melee_battania" />
     <upgrade_target id="NPCCharacter.armed_trader_ranged_battania" />
    </upgrade_targets>
    <Equipments>
      <EquipmentRoster>
        <equipment slot="Item0"
                   id="Item.battania_axe_1_t2" />
        <equipment slot="Body"
                   id="Item.battania_light_armor_b" />
        <equipment slot="Leg"
                   id="Item.battania_fur_boots" />
        <equipment slot="Cape"
                   id="Item.battania_woodland_cloak" />
        <equipment slot="Head"
                   id="Item.leather_studdedhelm_over_headcloth" />
      </EquipmentRoster>
      <EquipmentRoster>
        <equipment slot="Item0"
                   id="Item.battania_axe_1_t2" />
        <equipment slot="Body"
                   id="Item.battania_civil_b" />
        <equipment slot="Leg"
                   id="Item.battania_leather_boots" />
        <equipment slot="Cape"
                   id="Item.scarf" />
      </EquipmentRoster>
      <EquipmentRoster>
        <equipment slot="Item1"
                   id="Item.northern_spear_1_t2" />
        <equipment slot="Item0"
                   id="Item.battania_axe_1_t2" />
        <equipment slot="Body"
                   id="Item.battania_woodland_outfit" />
        <equipment slot="Leg"
                   id="Item.highland_boots" />
        <equipment slot="Cape"
                   id="Item.battania_civil_cloak" />
        <equipment slot="Head"
                   id="Item.leather_studdedhelm_over_thinhide" />
      </EquipmentRoster>
         <EquipmentSet id="battania_troop_civilian_template_t1"
                    civilian="true" />
    </Equipments>
   </NPCCharacter>
  <NPCCharacter id="armed_trader_melee_battania"
                default_group="Infantry"
                level="16"
                name="{=ete0224}Battanian Caravan Defender"
                occupation="CaravanGuard"
                culture="Culture.battania">
    <face>
      <face_key_template value="BodyProperty.fighter_battania" />
    </face>
    <skills>
      <skill id="Athletics"
             value="70" />
      <skill id="Riding"
             value="10" />
      <skill id="OneHanded"
             value="70" />
      <skill id="TwoHanded"
             value="40" />
      <skill id="Polearm"
             value="40" />
      <skill id="Bow"
             value="30" />
      <skill id="Crossbow"
             value="30" />
      <skill id="Throwing"
             value="70" />
    </skills>
    <upgrade_targets></upgrade_targets>
    <Equipments>
      <EquipmentRoster>
        <equipment slot="Item0"
                   id="Item.northern_spear_1_t2" />
        <equipment slot="Item1"
                   id="Item.battania_targe_b" />
        <equipment slot="Item2"
                   id="Item.battania_sword_2_t3" />
        <equipment slot="Body"
                   id="Item.fur_armor" />
        <equipment slot="Leg"
                   id="Item.battania_fur_boots" />
        <equipment slot="Cape"
                   id="Item.battania_woodland_cloak" />
        <equipment slot="Head"
                   id="Item.tall_helmet" />
      </EquipmentRoster>
      <EquipmentRoster>
        <equipment slot="Item0"
                   id="Item.northern_spear_1_t2" />
        <equipment slot="Item1"
                   id="Item.battania_targe_b" />
        <equipment slot="Item2"
                   id="Item.battania_axe_1_t2" />
        <equipment slot="Body"
                   id="Item.battania_civil_b" />
        <equipment slot="Leg"
                   id="Item.battania_leather_boots" />
        <equipment slot="Cape"
                   id="Item.scarf" />
        <equipment slot="Head"
                   id="Item.battania_fur_helmet" />
      </EquipmentRoster>
      <EquipmentRoster>
        <equipment slot="Item0"
                   id="Item.northern_javelin_1_t2" />
        <equipment slot="Item1"
                   id="Item.battania_targe_b" />
        <equipment slot="Item2"
                   id="Item.battania_axe_1_t2" />
        <equipment slot="Body"
                   id="Item.battania_woodland_outfit" />
        <equipment slot="Leg"
                   id="Item.highland_boots" />
        <equipment slot="Cape"
                   id="Item.battania_civil_cloak" />
        <equipment slot="Head"
                   id="Item.tall_helmet" />
      </EquipmentRoster>
     <EquipmentSet id="battania_troop_civilian_template_t1"
                    civilian="true" />
    </Equipments>
   </NPCCharacter>
  <NPCCharacter id="armed_trader_ranged_battania"
                default_group="Ranged"
                level="16"
                name="{=ete0225}Battanian Caravan Protector"
                occupation="CaravanGuard"
                culture="Culture.battania">
    <face>
      <face_key_template value="BodyProperty.fighter_battania" />
    </face>
    <skills>
      <skill id="Athletics"
             value="70" />
      <skill id="Riding"
             value="10" />
      <skill id="OneHanded"
             value="70" />
      <skill id="TwoHanded"
             value="40" />
      <skill id="Polearm"
             value="40" />
      <skill id="Bow"
             value="70" />
      <skill id="Crossbow"
             value="30" />
      <skill id="Throwing"
             value="30" />
    </skills>
    <upgrade_targets></upgrade_targets>
    <Equipments>
      <EquipmentRoster>
        <equipment slot="Item0"
                   id="Item.glen_ranger_bow" />
        <equipment slot="Item1"
                   id="Item.default_arrows" />
        <equipment slot="Item2"
                   id="Item.battania_axe_1_t2" />
        <equipment slot="Body"
                   id="Item.battania_civil_a" />
        <equipment slot="Leg"
                   id="Item.battania_fur_boots" />
        <equipment slot="Cape"
                   id="Item.battania_woodland_cloak" />
        <equipment slot="Head"
                   id="Item.leather_studdedhelm_over_thinhide" />
      </EquipmentRoster>
      <EquipmentRoster>
        <equipment slot="Item0"
                   id="Item.glen_ranger_bow" />
        <equipment slot="Item1"
                   id="Item.range_arrows" />
        <equipment slot="Item2"
                   id="Item.battania_axe_1_t2" />
        <equipment slot="Body"
                   id="Item.battania_civil_b" />
        <equipment slot="Leg"
                   id="Item.battania_leather_boots" />
        <equipment slot="Cape"
                   id="Item.scarf" />
        <equipment slot="Head"
                   id="Item.battania_fur_helmet" />
      </EquipmentRoster>
      <EquipmentRoster>
        <equipment slot="Item0"
                   id="Item.glen_ranger_bow" />
        <equipment slot="Item1"
                   id="Item.range_arrows" />
        <equipment slot="Item2"
                   id="Item.battania_axe_1_t2" />
        <equipment slot="Body"
                   id="Item.battania_woodland_outfit" />
        <equipment slot="Leg"
                   id="Item.highland_boots" />
        <equipment slot="Cape"
                   id="Item.battania_civil_cloak" />
        <equipment slot="Head"
                   id="Item.leather_studdedhelm_over_thinhide" />
      </EquipmentRoster>
        <EquipmentSet id="battania_troop_civilian_template_t1"
                    civilian="true" />
    </Equipments>
   </NPCCharacter>
 <!-- #region khuzait-->
  <NPCCharacter id="trader_khuzait"
                default_group="Infantry"
                level="11"
                name="{=ete0226}Khuzait Caravan Hand"
                occupation="CaravanGuard"
                culture="Culture.khuzait"
                is_basic_troop="true">
    <face>
      <face_key_template value="BodyProperty.fighter_khuzait" />
    </face>
    <skills>
      <skill id="Athletics"
             value="40" />
      <skill id="Riding"
             value="15" />
      <skill id="OneHanded"
             value="40" />
      <skill id="TwoHanded"
             value="20" />
      <skill id="Polearm"
             value="40" />
      <skill id="Bow"
             value="5" />
      <skill id="Crossbow"
             value="20" />
      <skill id="Throwing"
             value="15" />
    </skills>
    <upgrade_targets>
     <upgrade_target id="NPCCharacter.armed_trader_melee_khuzait" />
     <upgrade_target id="NPCCharacter.armed_trader_ranged_khuzait" />
    </upgrade_targets>
    <Equipments>
      <EquipmentRoster>
        <equipment slot="Item0"
                   id="Item.khuzait_sword_1_t2" />
        <equipment slot="Item1"
                   id="Item.eastern_spear_1_t2" />
        <equipment slot="Body"
                   id="Item.khuzait_belt_leather" />
        <equipment slot="Leg"
                   id="Item.khuzait_curved_boots" />
      </EquipmentRoster>
      <EquipmentRoster>
        <equipment slot="Item0"
                   id="Item.khuzait_sword_1_t2" />
        <equipment slot="Body"
                   id="Item.khuzait_civil_coat_b" />
        <equipment slot="Leg"
                   id="Item.khuzait_curved_boots" />
      </EquipmentRoster>
      <EquipmentRoster>
        <equipment slot="Item0"
                   id="Item.khuzait_sword_1_t2" />
        <equipment slot="Body"
                   id="Item.khuzait_belt_leather" />
        <equipment slot="Leg"
                   id="Item.khuzait_curved_boots" />
      </EquipmentRoster>
     <EquipmentSet id="khuzait_troop_civilian_template_t1"
                    civilian="true" />
    </Equipments>
   </NPCCharacter>
  <NPCCharacter id="armed_trader_melee_khuzait"
                default_group="Infantry"
                level="16"
                name="{=ete0227}Khuzait Caravan Defender"
                occupation="CaravanGuard"
                culture="Culture.khuzait">
    <face>
      <face_key_template value="BodyProperty.fighter_khuzait" />
    </face>
    <skills>
      <skill id="Athletics"
             value="70" />
      <skill id="Riding"
             value="10" />
      <skill id="OneHanded"
             value="70" />
      <skill id="TwoHanded"
             value="40" />
      <skill id="Polearm"
             value="40" />
      <skill id="Bow"
             value="30" />
      <skill id="Crossbow"
             value="30" />
      <skill id="Throwing"
             value="30" />
    </skills>
    <upgrade_targets></upgrade_targets>
    <Equipments>
      <EquipmentRoster>
        <equipment slot="Item0"
                   id="Item.khuzait_sword_1_t2" />
        <equipment slot="Item1"
                   id="Item.decorated_steppe_shield" />
        <equipment slot="Item2"
                   id="Item.eastern_spear_1_t2" />
        <equipment slot="Body"
                   id="Item.khuzait_sturdy_armor" />
        <equipment slot="Leg"
                   id="Item.khuzait_curved_boots" />
        <equipment slot="Head"
                   id="Item.fur_hat" />
        <equipment slot="Gloves"
                   id="Item.studded_vambraces" />                      
      </EquipmentRoster>
      <EquipmentRoster>
        <equipment slot="Item0"
                   id="Item.khuzait_sword_1_t2" />
        <equipment slot="Item1"
                   id="Item.decorated_steppe_shield" />
        <equipment slot="Body"
                   id="Item.khuzait_fortified_armor" />
        <equipment slot="Leg"
                   id="Item.khuzait_curved_boots" />
        <equipment slot="Head"
                   id="Item.peaked_fur_hood" />           
      </EquipmentRoster>
      <EquipmentRoster>
        <equipment slot="Item0"
                   id="Item.khuzait_sword_1_t2" />
        <equipment slot="Item1"
                   id="Item.decorated_steppe_shield" />
        <equipment slot="Item2"
                   id="Item.eastern_spear_1_t2" />
        <equipment slot="Body"
                   id="Item.khuzait_sturdy_armor" />
        <equipment slot="Leg"
                   id="Item.khuzait_curved_boots" />
        <equipment slot="Head"
                   id="Item.upturned_fur_cap" />           
      </EquipmentRoster>
    <EquipmentSet id="khuzait_troop_civilian_template_t1"
                    civilian="true" />
    </Equipments>
   </NPCCharacter>
  <NPCCharacter id="armed_trader_ranged_khuzait"
                default_group="Ranged"
                level="16"
                name="{=ete0228}Khuzait Caravan Protector"
                occupation="CaravanGuard"
                culture="Culture.khuzait">
    <face>
      <face_key_template value="BodyProperty.fighter_khuzait" />
    </face>
    <skills>
      <skill id="Athletics"
             value="70" />
      <skill id="Riding"
             value="10" />
      <skill id="OneHanded"
             value="70" />
      <skill id="TwoHanded"
             value="40" />
      <skill id="Polearm"
             value="40" />
      <skill id="Bow"
             value="70" />
      <skill id="Crossbow"
             value="30" />
      <skill id="Throwing"
             value="30" />
    </skills>
    <upgrade_targets></upgrade_targets>
    <Equipments>
      <EquipmentRoster>
        <equipment slot="Item0"
                   id="Item.steppe_bow" />
        <equipment slot="Item1"
                   id="Item.default_arrows" />
        <equipment slot="Item2"
                   id="Item.khuzait_sword_1_t2" />
        <equipment slot="Body"
                   id="Item.khuzait_belt_leather" />
        <equipment slot="Leg"
                   id="Item.khuzait_curved_boots" />
        <equipment slot="Gloves"
                   id="Item.studded_vambraces" />
        <equipment slot="Head"
                   id="Item.fur_hat" />                       
      </EquipmentRoster>
      <EquipmentRoster>
        <equipment slot="Item0"
                   id="Item.steppe_bow" />
        <equipment slot="Item1"
                   id="Item.range_arrows" />
        <equipment slot="Item2"
                   id="Item.khuzait_sword_1_t2" />
        <equipment slot="Body"
                   id="Item.khuzait_fortified_armor" />
        <equipment slot="Leg"
                   id="Item.khuzait_curved_boots" />
        <equipment slot="Cape"
                   id="Item.eastern_studded_shoulders" />
        <equipment slot="Gloves"
                   id="Item.studded_vambraces" />            
      </EquipmentRoster>
      <EquipmentRoster>
        <equipment slot="Item0"
                   id="Item.steppe_bow" />
        <equipment slot="Item1"
                   id="Item.range_arrows" />
        <equipment slot="Item2"
                   id="Item.khuzait_sword_1_t2" />
        <equipment slot="Body"
                   id="Item.khuzait_belt_leather" />
        <equipment slot="Leg"
                   id="Item.khuzait_curved_boots" />
      </EquipmentRoster>
      <EquipmentSet id="khuzait_troop_civilian_template_t1"
                    civilian="true" />
    </Equipments>
   </NPCCharacter>

</NPCCharacters>