﻿<?xml version="1.0" encoding="utf-8"?>
<EquipmentRosters>
<!--new lord -->
  <!--aserai lord   
    <EquipmentRoster id="spc_aserai_mameluke"
                   culture="Culture.empire">
      <EquipmentSet>
        <equipment slot="Item0"
                   id="Item.empire_polearm_2_t5" />
        <equipment slot="Item1"
                   id="Item.emirs_oval_shield" />
        <equipment slot="Item2"
                   id="Item.eastern_javelin_3_t4" />
        <equipment slot="Item3"
                   id="Item.southern_broad_2hsword_t4" />
        <equipment slot="Head"
                   id="Item.desert_helmet_with_mail" />
        <equipment slot="Cape"
                   id="Item.aserai_scale_shoulder_b" />
        <equipment slot="Body"
                   id="Item.aserai_scale_armor_on_chain" />
        <equipment slot="Leg"
                   id="Item.plated_strip_boots" />
        <equipment slot="Gloves"
                   id="Item.reinforced_leather_vambraces" />
       <equipment slot="Horse"
                 id="Item.mameluke_camel_new" />
       <equipment slot="HorseHarness"
                 id="Item.mamelukel_saddle" />            
      </EquipmentRoster>
     
      </EquipmentSet>
        <Flags IsNobleTemplate="true"
           IsCombatantTemplate="true" />
     </EquipmentRoster>-->


<!--rebel -->
   <EquipmentRoster id="spc_empire_aspirant"
                   culture="Culture.empire">
    <EquipmentSet>
      <Equipment slot="Item0"
                 id="Item.empire_sword_5_t4" />
      <Equipment slot="Item1"
                 id="Item.stronger_reinforced_kite_shield" />
      <Equipment slot="Body"
                 id="Item.imperial_lamellar_over_leather" />
      <Equipment slot="Leg"
                 id="Item.lamellar_plate_boots" />
      <Equipment slot="Head"
                 id="Item.plumed_helmet" />
      <Equipment slot="Gloves"
                 id="Item.plated_strip_gauntlets" />
      <Equipment slot="Cape"
                 id="Item.imperial_studded_strip_shoulders" /> 
      <Equipment slot="Horse"
                 id="Item.t2_empire_horse" />
      <Equipment slot="HorseHarness"
                 id="Item.half_scale_barding" />                 
    </EquipmentSet>
    <EquipmentSet>
      <Equipment slot="Item0"
                 id="Item.empire_sword_5_t4" />
      <Equipment slot="Item1"
                 id="Item.stronger_reinforced_kite_shield" />
      <Equipment slot="Body"
                 id="Item.lamellar_with_scale_skirt" />
      <Equipment slot="Leg"
                 id="Item.lamellar_plate_boots" />
      <Equipment slot="Head"
                 id="Item.heavy_nasalhelm_over_imperial_padding" />
      <Equipment slot="Gloves"
                 id="Item.decorated_imperial_gauntlets" />
      <Equipment slot="Cape"
                 id="Item.pauldron_cape_a" /> 
      <Equipment slot="Horse"
                 id="Item.t2_empire_horse" />
      <Equipment slot="HorseHarness"
                 id="Item.half_scale_barding" />           
    </EquipmentSet>
     <EquipmentSet>
      <Equipment slot="Item0"
                 id="Item.empire_mace_3_t4" />
      <Equipment slot="Item1"
                 id="Item.stronger_reinforced_kite_shield" />
      <Equipment slot="Body"
                 id="Item.legionary_mail" />
      <Equipment slot="Leg"
                 id="Item.lamellar_plate_boots" />
      <Equipment slot="Head"
                 id="Item.heavy_nasalhelm_over_laced_cloth" />
      <Equipment slot="Gloves"
                 id="Item.lamellar_plate_gauntlets" />
      <Equipment slot="Cape"
                 id="Item.scarf" />
      <Equipment slot="Horse"
                 id="Item.t2_empire_horse" />
      <Equipment slot="HorseHarness"
                 id="Item.half_scale_barding" />                
    </EquipmentSet>
    <EquipmentSet civilian="true">
      <Equipment slot="Item0"
                 id="Item.empire_sword_5_t4" />
      <Equipment slot="Body"
                 id="Item.imperial_padded_cloth" />
      <Equipment slot="Leg"
                 id="Item.folded_town_boots" />
      <Equipment slot="Gloves"
                 id="Item.padded_mitten" />
    </EquipmentSet>
     <EquipmentSet civilian="true">
    <Equipment slot="Item0"
                 id="Item.empire_sword_5_t4" />
      <Equipment slot="Body"
                 id="Item.tunic_with_rolled_cloth" />
      <Equipment slot="Leg"
                 id="Item.empire_horseman_boots" />
      <Equipment slot="Head"
                 id="Item.leather_cap" />
    </EquipmentSet>
    <Flags IsNobleTemplate="true"
           IsCombatantTemplate="true" />
  </EquipmentRoster>

   <EquipmentRoster id="spc_empire_folkhero_militia"
                   culture="Culture.empire">
    <EquipmentSet>
      <Equipment slot="Item0"
                 id="Item.empire_sword_5_t4" />
      <Equipment slot="Item1"
                 id="Item.stronger_reinforced_kite_shield" />
      <Equipment slot="Body"
                 id="Item.imperial_mail_vest" />
      <Equipment slot="Leg"
                 id="Item.lamellar_plate_boots" />
      <Equipment slot="Head"
                 id="Item.plumed_helmet" />
      <Equipment slot="Gloves"
                 id="Item.leather_gloves" />
      <Equipment slot="Cape"
                 id="Item.imperial_studded_strip_shoulders" /> 
      <Equipment slot="Horse"
                 id="Item.t2_empire_horse" />
      <Equipment slot="HorseHarness"
                 id="Item.stripped_leather_harness_heavy" />                 
    </EquipmentSet>
    <EquipmentSet>
      <Equipment slot="Item0"
                 id="Item.empire_sword_2_t3" />
      <Equipment slot="Item1"
                 id="Item.stronger_reinforced_kite_shield" />
      <Equipment slot="Body"
                 id="Item.imperial_mail_over_leather" />
      <Equipment slot="Leg"
                 id="Item.lamellar_plate_boots" />
      <Equipment slot="Head"
                 id="Item.heavy_nasalhelm_over_imperial_padding" />
      <Equipment slot="Gloves"
                 id="Item.leather_gloves" />
      <Equipment slot="Cape"
                 id="Item.empire_warrior_padded_armor_shoulder" /> 
      <Equipment slot="Horse"
                 id="Item.t2_empire_horse" />
      <Equipment slot="HorseHarness"
                 id="Item.stripped_leather_harness_heavy" />           
    </EquipmentSet>
     <EquipmentSet>
      <Equipment slot="Item0"
                 id="Item.empire_mace_3_t4" />
      <Equipment slot="Item1"
                 id="Item.stronger_reinforced_kite_shield" />
      <Equipment slot="Body"
                 id="Item.basic_imperial_leather_armor" />
      <Equipment slot="Leg"
                 id="Item.lamellar_plate_boots" />
      <Equipment slot="Head"
                 id="Item.heavy_nasalhelm_over_laced_cloth" />
      <Equipment slot="Gloves"
                 id="Item.leather_gloves" />
      <Equipment slot="Cape"
                 id="Item.scarf" />
      <Equipment slot="Horse"
                 id="Item.t2_empire_horse" />
      <Equipment slot="HorseHarness"
                 id="Item.stripped_leather_harness_heavy" />                
    </EquipmentSet>
    <EquipmentSet civilian="true">
      <Equipment slot="Item0"
                 id="Item.empire_sword_2_t3" />
      <Equipment slot="Body"
                 id="Item.imperial_padded_cloth" />
      <Equipment slot="Leg"
                 id="Item.folded_town_boots" />
      <Equipment slot="Gloves"
                 id="Item.padded_mitten" />
    </EquipmentSet>
     <EquipmentSet civilian="true">
    <Equipment slot="Item0"
                 id="Item.empire_sword_2_t3" />
      <Equipment slot="Body"
                 id="Item.empire_warrior_padded_armor_a" />
      <Equipment slot="Leg"
                 id="Item.empire_horseman_boots" />
      <Equipment slot="Head"
                 id="Item.leather_cap" />
    </EquipmentSet>
    <Flags IsNobleTemplate="true"
           IsCombatantTemplate="true" />
  </EquipmentRoster>

  <EquipmentRoster id="spc_empire_folkhero_statesman"
                   culture="Culture.empire">
    <EquipmentSet>
      <Equipment slot="Item0"
                 id="Item.empire_noble_sword_2_t5" />
      <Equipment slot="Item1"
                 id="Item.fortified_kite_shield" />
      <Equipment slot="Body"
                 id="Item.imperial_lamellar_over_leather" />
      <Equipment slot="Leg"
                 id="Item.decorated_imperial_boots" />
      <Equipment slot="Head"
                 id="Item.empire_lord_helmet" />
      <Equipment slot="Gloves"
                 id="Item.leather_gloves" />
      <Equipment slot="Cape"
                 id="Item.imperial_studded_strip_shoulders" /> 
      <Equipment slot="Horse"
                 id="Item.t2_empire_horse" />
      <Equipment slot="HorseHarness"
                 id="Item.imperial_scale_barding" />                 
    </EquipmentSet>
    <EquipmentSet>
      <Equipment slot="Item0"
                 id="Item.empire_noble_sword_3_t5" />
      <Equipment slot="Item1"
                 id="Item.fortified_kite_shield" />
      <Equipment slot="Body"
                 id="Item.imperial_mail_over_leather" />
      <Equipment slot="Leg"
                 id="Item.lamellar_plate_boots" />
      <Equipment slot="Head"
                 id="Item.heavy_nasalhelm_over_imperial_padding" />
      <Equipment slot="Gloves"
                 id="Item.leather_gloves" />
      <Equipment slot="Cape"
                 id="Item.empire_warrior_padded_armor_shoulder" /> 
      <Equipment slot="Horse"
                 id="Item.t2_empire_horse" />
      <Equipment slot="HorseHarness"
                 id="Item.imperial_scale_barding" />           
    </EquipmentSet>
     <EquipmentSet>
      <Equipment slot="Item0"
                 id="Item.empire_mace_3_t4" />
      <Equipment slot="Item1"
                 id="Item.fortified_kite_shield" />
      <Equipment slot="Body"
                 id="Item.lamellar_with_scale_skirt" />
      <Equipment slot="Leg"
                 id="Item.decorated_imperial_boots" />
      <Equipment slot="Head"
                 id="Item.heavy_nasalhelm_over_laced_cloth" />
      <Equipment slot="Gloves"
                 id="Item.leather_gloves" />
      <Equipment slot="Horse"
                 id="Item.t2_empire_horse" />
      <Equipment slot="HorseHarness"
                 id="Item.imperial_scale_barding" />                
    </EquipmentSet>
    <EquipmentSet civilian="true">
      <Equipment slot="Item0"
                 id="Item.empire_sword_2_t3" />
      <Equipment slot="Body"
                 id="Item.imperial_robes" />
      <Equipment slot="Leg"
                 id="Item.folded_town_boots" />
    </EquipmentSet>
     <EquipmentSet civilian="true">
    <Equipment slot="Item0"
                 id="Item.empire_noble_sword_3_t5" />
      <Equipment slot="Body"
                 id="Item.imperial_robes" />
      <Equipment slot="Leg"
                 id="Item.empire_horseman_boots" />
    </EquipmentSet>
    <Flags IsNobleTemplate="true"
           IsCombatantTemplate="true" />
  </EquipmentRoster>

 <EquipmentRoster id="spc_nordic_merc"
                   culture="Culture.sturgia">
    <EquipmentSet>
      <Equipment slot="Item0"
                 id="Item.sturgia_2haxe_1_t4" />
      <Equipment slot="Item1"
                 id="Item.heavy_round_shield" />
      <Equipment slot="Item2"
                 id="Item.sturgia_axe_4_t4" />
      <Equipment slot="Head"
                 id="sturgian_lord_helmet_a" />
      <Equipment slot="Body"
                 id="Item.sturgian_chainmale_longsleeve" />
      <Equipment slot="Leg"
                 id="Item.highland_leg_wrappings" />
      <Equipment slot="Gloves"
                 id="Item.reinforced_leather_vambraces" />
      <Equipment slot="Cape"
                 id="Item.battania_civil_cape" />
    </EquipmentSet>
    <EquipmentSet>
      <Equipment slot="Item0"
                 id="Item.sturgia_2haxe_1_t4" />
      <Equipment slot="Item1"
                 id="Item.heavy_round_shield" />
      <Equipment slot="Item2"
                 id="Item.sturgia_axe_4_t4" />
      <Equipment slot="Head"
                 id="sturgian_lord_helmet_a" />
      <Equipment slot="Body"
                 id="Item.sturgian_chainmale_longsleeve" />
      <Equipment slot="Leg"
                 id="Item.highland_leg_wrappings" />
      <Equipment slot="Gloves"
                 id="Item.reinforced_leather_vambraces" />
      <Equipment slot="Cape"
                 id="Item.battania_shoulder_furr" />
    </EquipmentSet>
    <EquipmentSet>
      <Equipment slot="Item0"
                 id="Item.northern_spear_3_t4" />
      <Equipment slot="Item1"
                 id="Item.heavy_round_shield" />
      <Equipment slot="Item2"
                 id="Item.sturgia_axe_4_t4" />
      <Equipment slot="Head"
                 id="northern_warlord_helmet" />
      <Equipment slot="Body"
                 id="Item.northern_coat_of_plates" />
      <Equipment slot="Leg"
                 id="Item.highland_leg_wrappings" />
      <Equipment slot="Gloves"
                 id="Item.reinforced_leather_vambraces" />
    </EquipmentSet>
    <EquipmentSet civilian="true">
      <Equipment slot="Item0"
                 id="Item.sturgia_noble_sword_2_t5" />
      <Equipment slot="Head"
                 id="nordic_fur_cap" />
      <Equipment slot="Body"
                 id="Item.fur_trimmed_tunic" />
      <Equipment slot="Leg"
                 id="Item.rough_tied_boots" />
    </EquipmentSet>
    <EquipmentSet civilian="true">
      <Equipment slot="Item0"
                 id="Item.sturgia_sword_5_t5" />
      <Equipment slot="Head"
                 id="upturned_fur_cap" />
      <Equipment slot="Body"
                 id="Item.nordic_tunic" />
      <Equipment slot="Leg"
                 id="Item.sturgia_boots_a" />
    </EquipmentSet>
    <Flags IsNobleTemplate="true"
           IsCombatantTemplate="true" />	
  </EquipmentRoster>

  
   <EquipmentRoster id="spc_wander_knight"
                   culture="Culture.vlandia">
    <EquipmentSet>
     <Equipment slot="Item0"
                   id="Item.vlandia_lance_2_t4" />
     <Equipment slot="Item1"
                   id="Item.heavy_horsemans_kite_shield" />
     <Equipment slot="Item2"
                   id="Item.vlandia_mace_2_t4" />
	   <Equipment slot="Item3"
                   id="Item.western_2hsword_t4" />		   
     <Equipment slot="Body"
                   id="Item.vlandia_chainmail" />
     <Equipment slot="Leg"
                   id="Item.strapped_mail_chausses" />
     <Equipment slot="Head"
                   id="Item.mail_coif" />
	   <Equipment slot="Cape"
                   id="Item.chainmail_shoulder_armor" />		   
     <Equipment slot="Gloves"
                   id="Item.lordly_mail_mitten" />
     <Equipment slot="Horse"
                 id="Item.t2_vlandia_horse" />
     <Equipment slot="HorseHarness"
                 id="Item.chain_horse_harness" />                      
    </EquipmentSet>
    <EquipmentSet>
     <Equipment slot="Item0"
                   id="Item.vlandia_lance_2_t4" />
     <Equipment slot="Item1"
                   id="Item.heavy_horsemans_kite_shield" />
     <Equipment slot="Item2"
                   id="Item.vlandia_sword_5_t5" />
     <Equipment slot="Body"
                   id="Item.white_coat_over_mail" />
     <Equipment slot="Leg"
                   id="Item.mail_chausses" />
     <Equipment slot="Head"
                   id="Item.nasal_helmet_over_mail_coif" />
	   <Equipment slot="Cape"
                   id="Item.chainmail_shoulder_armor" />		   
     <Equipment slot="Gloves"
                   id="Item.reinforced_mail_mitten" />
     <Equipment slot="Horse"
                 id="Item.t3_vlandia_horse" />
     <Equipment slot="HorseHarness"
                 id="Item.halfchain_barding" />                      
    </EquipmentSet>
    <EquipmentSet>
      <Equipment slot="Item0"
                   id="Item.vlandia_lance_2_t4" />
    <Equipment slot="Item1"
                   id="Item.heavy_horsemans_kite_shield" />
    <Equipment slot="Item2"
                   id="Item.vlandia_axe_2_t4" />
	  <Equipment slot="Item3"
                   id="Item.western_2hsword_t4" />		   
    <Equipment slot="Body"
                   id="Item.coat_of_plates_over_mail" />
    <Equipment slot="Leg"
                   id="Item.strapped_mail_chausses" />
    <Equipment slot="Head"
                   id="Item.full_helm_over_laced_coif" />		   
    <Equipment slot="Gloves"
                   id="Item.lordly_mail_mitten" />
    <Equipment slot="Cape"
                   id="Item.chainmail_shoulder_armor" />
    <Equipment slot="Horse"
                 id="Item.t2_vlandia_horse" />
    <Equipment slot="HorseHarness"
                 id="Item.halfchain_barding" />                      
    </EquipmentSet>
    <EquipmentSet civilian="true">
      <Equipment slot="Item0"
                 id="Item.vlandia_sword_3_t4" />
      <Equipment slot="Body"
                 id="Item.cloth_tunic" />
      <Equipment slot="Leg"
                 id="Item.leather_cavalier_boots" />
      <Equipment slot="Cape"
                 id="Item.hood" />
    </EquipmentSet>
    <EquipmentSet civilian="true">
      <Equipment slot="Item0"
                 id="Item.vlandia_sword_4_t4" />
      <Equipment slot="Head"
                 id="Item.arming_coif" />
      <Equipment slot="Body"
                 id="Item.leather_coat_over_cloth" />
      <Equipment slot="Leg"
                 id="Item.leather_cavalier_boots" />
    </EquipmentSet>
     <EquipmentSet civilian="true">
      <Equipment slot="Item0"
                 id="Item.vlandia_sword_4_t4" />
      <Equipment slot="Head"
                 id="Item.open_padded_coif" />
      <Equipment slot="Body"
                 id="Item.padded_leather_shirt" />
      <Equipment slot="Leg"
                 id="Item.sturgia_boots_a" />
    </EquipmentSet>
    <Flags IsNobleTemplate="true"
           IsCombatantTemplate="true" />
  </EquipmentRoster>

  <EquipmentRoster id="spc_vlandia_guild_master"
                   culture="Culture.vlandia">
    <EquipmentSet>
     <Equipment slot="Item0"
                   id="Item.heavy_horsemans_kite_shield" />
     <Equipment slot="Item1"
                   id="Item.vlandia_sword_3_t4" />
     <Equipment slot="Body"
                   id="Item.mail_shirt" />
     <Equipment slot="Leg"
                   id="Item.strapped_mail_chausses" />
     <Equipment slot="Head"
                   id="Item.mail_coif" />
     <Equipment slot="Gloves"
                   id="Item.leather_gloves" />
     <Equipment slot="Horse"
                 id="Item.t2_vlandia_horse" />
     <Equipment slot="HorseHarness"
                 id="Item.light_harness" />                      
    </EquipmentSet>
    <EquipmentSet>
     <Equipment slot="Item0"
                   id="Item.heavy_horsemans_kite_shield" />
     <Equipment slot="Item1"
                   id="Item.vlandia_sword_4_t4" />
     <Equipment slot="Body"
                   id="Item.banded_leather_over_mail" />
     <Equipment slot="Leg"
                   id="Item.mail_chausses" />
     <Equipment slot="Head"
                   id="Item.mail_coif" />
     <Equipment slot="Gloves"
                   id="Item.leather_gloves" />
     <Equipment slot="Horse"
                 id="Item.t2_vlandia_horse" />
     <Equipment slot="HorseHarness"
                 id="Item.light_harness" />                      
    </EquipmentSet>
    <EquipmentSet>
    <Equipment slot="Item0"
                   id="Item.heavy_horsemans_kite_shield" />
    <Equipment slot="Item1"
                   id="Item.vlandia_sword_3_t4" />
    <Equipment slot="Body"
                   id="Item.banded_leather_over_mail" />
    <Equipment slot="Leg"
                   id="Item.strapped_mail_chausses" />
    <Equipment slot="Head"
                   id="Item.nasal_helmet_over_mail" />		   
    <Equipment slot="Gloves"
                   id="Item.leather_gloves" />
    <Equipment slot="Horse"
                 id="Item.t2_vlandia_horse" />
    <Equipment slot="HorseHarness"
                 id="Item.light_harness" />                      
    </EquipmentSet>
    <EquipmentSet civilian="true">
      <Equipment slot="Item0"
                 id="Item.vlandia_sword_3_t4" />
      <Equipment slot="Body"
                 id="Item.cloth_tunic" />
      <Equipment slot="Leg"
                 id="Item.leather_cavalier_boots" />
      <Equipment slot="Cape"
                 id="Item.hood" />
    </EquipmentSet>
    <EquipmentSet civilian="true">
      <Equipment slot="Item0"
                 id="Item.vlandia_sword_4_t4" />
      <Equipment slot="Head"
                 id="Item.arming_coif" />
      <Equipment slot="Body"
                 id="Item.leather_coat_over_cloth" />
      <Equipment slot="Leg"
                 id="Item.leather_cavalier_boots" />
    </EquipmentSet>
     <EquipmentSet civilian="true">
      <Equipment slot="Item0"
                 id="Item.vlandia_sword_4_t4" />
      <Equipment slot="Head"
                 id="Item.open_padded_coif" />
      <Equipment slot="Body"
                 id="Item.padded_leather_shirt" />
      <Equipment slot="Leg"
                 id="Item.sturgia_boots_a" />
    </EquipmentSet>
    <Flags IsNobleTemplate="true"
           IsCombatantTemplate="true" />
  </EquipmentRoster>

  <EquipmentRoster id="spc_battania_wander_fian"
                   culture="Culture.battania">
    <EquipmentSet>
      <Equipment slot="Item0"
                 id="Item.woodland_yew_bow" />
      <Equipment slot="Item1"
                 id="Item.barbed_arrows" />
      <Equipment slot="Item2"
                 id="Item.battania_shield_targe_a" />
      <Equipment slot="Item3"
                 id="Item.battania_axe_2_t4" />
      <Equipment slot="Head"
                 id="Item.wolfhead" />
      <Equipment slot="Body"
                 id="Item.ranger_mail" />
      <Equipment slot="Leg"
                 id="Item.battania_leather_boots" />
      <Equipment slot="Gloves"
                 id="Item.highland_gloves" />
      <Equipment slot="Cape"
                 id="Item.rough_bearskin" />
    </EquipmentSet>
     <EquipmentSet>
      <Equipment slot="Item0"
                 id="Item.woodland_yew_bow" />
      <Equipment slot="Item1"
                 id="Item.barbed_arrows" />
      <Equipment slot="Item2"
                 id="Item.barbed_arrows" />
      <Equipment slot="Item3"
                 id="Item.battania_heavy_falx" />
      <Equipment slot="Head"
                 id="Item.bearhead" />
      <Equipment slot="Body"
                 id="Item.battania_woodland_chainmail" />
      <Equipment slot="Leg"
                 id="Item.highland_boots" />
      <Equipment slot="Gloves"
                 id="Item.highland_gloves" />
      <Equipment slot="Cape"
                 id="Item.rough_bearskin" />
    </EquipmentSet>
    <EquipmentSet>
      <Equipment slot="Item0"
                 id="Item.woodland_yew_bow" />
      <Equipment slot="Item1"
                 id="Item.battania_shield_targe_a" />
      <Equipment slot="Item2"
                 id="Item.barbed_arrows" />
      <Equipment slot="Item3"
                 id="Item.battania_sword_4_t4" />
      <Equipment slot="Head"
                 id="Item.ridged_northernhelm" />
      <Equipment slot="Body"
                 id="Item.battania_woodland_chainmail" />
      <Equipment slot="Leg"
                 id="Item.highland_boots" />
      <Equipment slot="Gloves"
                 id="Item.highland_gloves" />
      <Equipment slot="Cape"
                 id="Item.rough_bearskin" />
    </EquipmentSet>
    <EquipmentSet civilian="true">
      <Equipment slot="Item0"
                 id="Item.battania_sword_4_t4" />
      <Equipment slot="Body"
                 id="Item.highland_cloth" />
      <Equipment slot="Leg"
                 id="Item.battania_leather_boots" />
      <Equipment slot="Gloves"
                 id="Item.guarded_armwraps" />
    </EquipmentSet>
     <EquipmentSet civilian="true">
      <Equipment slot="Item0"
                 id="Item.broad_arming_sword_t4" />
      <Equipment slot="Body"
                 id="Item.battanian_savage_armor" />
      <Equipment slot="Leg"
                 id="Item.wrapped_leather_boots" />
      <Equipment slot="Gloves"
                 id="Item.armwraps" />
    </EquipmentSet>
    <Flags IsNobleTemplate="true"
           IsCombatantTemplate="true" />
  </EquipmentRoster>

   <EquipmentRoster id="spc_khuzaits_minor_noble"
                   culture="Culture.khuzait">
    <EquipmentSet>
      <Equipment slot="Item0"
                 id="Item.steppe_war_bow" />
      <Equipment slot="Item1"
                 id="Item.default_arrows" />
      <Equipment slot="Item2"
                 id="Item.eastern_spear_4_t4" />
      <Equipment slot="Item3"
                 id="Item.ridged_sabre_sword_t4" />
      <Equipment slot="Head"
                 id="Item.plumed_nomad_helmet" />
      <Equipment slot="Body"
                 id="Item.eastern_lamellar_armor" />
      <Equipment slot="Leg"
                 id="Item.khuzait_curved_boots" />
      <Equipment slot="Cape"
                 id="Item.eastern_studded_shoulders" />
      <Equipment slot="Gloves"
                 id="Item.studded_vambraces" />
      <Equipment slot="Horse"
                 id="Item.storm_charger" />
      <Equipment slot="HorseHarness"
                 id="Item.steppe_half_barding" />
    </EquipmentSet>
    <EquipmentSet>
      <Equipment slot="Item0"
                 id="Item.steppe_war_bow" />
      <Equipment slot="Item1"
                 id="Item.default_arrows" />
      <Equipment slot="Item2"
                 id="Item.khuzait_polearm_1_t4" />
      <Equipment slot="Item3"
                 id="Item.khuzait_sword_4_t4" />
      <Equipment slot="Head"
                 id="Item.nomad_helmet" />
      <Equipment slot="Body"
                 id="Item.eastern_lamellar_armor" />
      <Equipment slot="Leg"
                 id="Item.khuzait_curved_boots" />
      <Equipment slot="Cape"
                 id="Item.a_metal_lamellar_armor_shoulder_a" />
      <Equipment slot="Gloves"
                 id="Item.studded_vambraces" />
      <Equipment slot="Horse"
                 id="Item.storm_charger" />
      <Equipment slot="HorseHarness"
                 id="Item.steppe_half_barding" />
    </EquipmentSet>
    <EquipmentSet>
      <Equipment slot="Item0"
                 id="Item.steppe_war_bow" />
      <Equipment slot="Item1"
                 id="Item.default_arrows" />
      <Equipment slot="Item2"
                 id="Item.khuzait_polearm_1_t4" />
      <Equipment slot="Item3"
                 id="Item.ridged_sabre_sword_t4" />
      <Equipment slot="Head"
                 id="Item.steppe_helmet" />
      <Equipment slot="Body"
                 id="Item.eastern_lamellar_armor" />
      <Equipment slot="Leg"
                 id="Item.khuzait_curved_boots" />
      <Equipment slot="Cape"
                 id="Item.a_metal_lamellar_armor_shoulder_a" />
      <Equipment slot="Gloves"
                 id="Item.studded_vambraces" />
      <Equipment slot="Horse"
                 id="Item.storm_charger" />
      <Equipment slot="HorseHarness"
                 id="Item.steppe_half_barding" />
    </EquipmentSet>
    <EquipmentSet civilian="true">
      <Equipment slot="Item0"
                 id="Item.ridged_sabre_sword_t4" />
      <Equipment slot="Head"
                 id="Item.fur_hat" />
      <Equipment slot="Body"
                 id="Item.khuzait_civil_coat" />
      <Equipment slot="Leg"
                 id="Item.fine_town_boots" />
    </EquipmentSet>
    <EquipmentSet civilian="true">
      <Equipment slot="Item0"
                 id="Item.ridged_sabre_sword_t4" />
      <Equipment slot="Head"
                 id="Item.fur_hat" />
      <Equipment slot="Body"
                 id="Item.khuzait_civil_coat" />
      <Equipment slot="Leg"
                 id="Item.fine_town_boots" />
    </EquipmentSet>
    <EquipmentSet civilian="true">
      <Equipment slot="Item0"
                 id="Item.ridged_sabre_sword_t4" />
      <Equipment slot="Head"
                 id="Item.upturned_fur_cap" />
      <Equipment slot="Body"
                 id="Item.khuzait_fortified_armor" />
      <Equipment slot="Leg"
                 id="Item.khuzait_curved_boots" />
    </EquipmentSet>
    <Flags IsNobleTemplate="true"
           IsCombatantTemplate="true" />
  </EquipmentRoster>

  <EquipmentRoster id="spc_ghilman_leader_0_e"
                   culture="Culture.aserai">
    <EquipmentSet>
      <Equipment slot="Item0"
                 id="Item.eastern_spear_4_t4" />
      <Equipment slot="Item1"
                 id="Item.aserai_mace_4_t4" />
      <Equipment slot="Item2"
                 id="Item.tribal_steppe_shield" />
      <Equipment slot="Head"
                 id="Item.southern_noble_helmet" />
      <Equipment slot="Body"
                 id="Item.desert_scale_armor" />
      <Equipment slot="Leg"
                 id="Item.lamellar_plate_boots" />
      <Equipment slot="Gloves"
                 id="Item.lamellar_plate_gauntlets" />
      <Equipment slot="Cape"
                 id="Item.imperial_lamellar_shoulders" />
      <Equipment slot="Horse"
                 id="Item.t2_aserai_horse" />
      <Equipment slot="HorseHarness"
                 id="Item.half_mail_and_plate_barding" />
    </EquipmentSet>
    <EquipmentSet civilian="true">
      <Equipment slot="Item0"
                 id="Item.aserai_sword_7_t5" />
      <Equipment slot="Body"
                 id="Item.eastern_silk_clothing" />
      <Equipment slot="Leg"
                 id="Item.khuzait_curved_boots" />
      <Equipment slot="Gloves"
                 id="Item.buttoned_leather_bracers" />
    </EquipmentSet>
    <Flags IsNobleTemplate="true"
           IsCombatantTemplate="true" />
  </EquipmentRoster>
  <EquipmentRoster id="spc_ghilman_leader_1_e"
                   culture="Culture.aserai">
    <EquipmentSet>
      <Equipment slot="Item0"
                 id="Item.eastern_spear_4_t4" />
      <Equipment slot="Item1"
                 id="Item.aserai_mace_4_t4" />
      <Equipment slot="Item2"
                 id="Item.tribal_steppe_shield" />
      <Equipment slot="Head"
                 id="Item.southern_lord_helmet" />
      <Equipment slot="Body"
                 id="Item.desert_scale_armor" />
      <Equipment slot="Leg"
                 id="Item.lamellar_plate_boots" />
      <Equipment slot="Gloves"
                 id="Item.lamellar_plate_gauntlets" />
      <Equipment slot="Cape"
                 id="Item.imperial_lamellar_shoulders" />
      <Equipment slot="Horse"
                 id="Item.t2_aserai_horse" />
      <Equipment slot="HorseHarness"
                 id="Item.half_mail_and_plate_barding" />
    </EquipmentSet>
    <EquipmentSet civilian="true">
      <Equipment slot="Item0"
                 id="Item.aserai_sword_7_t5" />
      <Equipment slot="Head"
                 id="Item.aserai_civil_d_hscarf" />
      <Equipment slot="Body"
                 id="Item.aserai_civil_a" />
      <Equipment slot="Leg"
                 id="Item.wrapped_shoes" />
      <Equipment slot="Gloves"
                 id="Item.buttoned_leather_bracers" />
      <Equipment slot="Cape"
                 id="Item.desert_fabric_shoulderpad" />

    </EquipmentSet>
    <Flags IsNobleTemplate="true"
           IsCombatantTemplate="true" />
  </EquipmentRoster>
  <EquipmentRoster id="spc_ghilman_leader_2_e"
                   culture="Culture.aserai">
    <EquipmentSet>
      <Equipment slot="Item0"
                 id="Item.eastern_spear_4_t4" />
      <Equipment slot="Item1"
                 id="Item.aserai_mace_4_t4" />
      <Equipment slot="Item2"
                 id="Item.tribal_steppe_shield" />
      <Equipment slot="Head"
                 id="Item.southern_lord_helmet" />
      <Equipment slot="Body"
                 id="Item.desert_scale_armor" />
      <Equipment slot="Leg"
                 id="Item.lamellar_plate_boots" />
      <Equipment slot="Gloves"
                 id="Item.lamellar_plate_gauntlets" />
      <Equipment slot="Cape"
                 id="Item.imperial_lamellar_shoulders" />
      <Equipment slot="Horse"
                 id="Item.t2_aserai_horse" />
      <Equipment slot="HorseHarness"
                 id="Item.half_mail_and_plate_barding" />
    </EquipmentSet>
    <EquipmentSet civilian="true">
      <Equipment slot="Item0"
                 id="Item.aserai_sword_7_t5" />
      <Equipment slot="Body"
                 id="Item.short_padded_robe" />
      <Equipment slot="Leg"
                 id="Item.steppe_leather_boots" />
      <Equipment slot="Gloves"
                 id="Item.guarded_padded_vambrace" />
      <Equipment slot="Cape"
                 id="Item.scarf" />
      <Equipment slot="Horse"
                 id="Item.t2_aserai_horse" />
      <Equipment slot="HorseHarness"
                 id="Item.half_mail_and_plate_barding" />
    </EquipmentSet>

    <Flags IsNobleTemplate="true"
           IsCombatantTemplate="true" />
  </EquipmentRoster>
  <EquipmentRoster id="spc_ghilman_leader_3_e"
                   culture="Culture.aserai">
    <EquipmentSet>
      <Equipment slot="Item0"
                 id="Item.eastern_spear_4_t4" />
      <Equipment slot="Item1"
                 id="Item.aserai_mace_4_t4" />
      <Equipment slot="Item2"
                 id="Item.tribal_steppe_shield" />
      <Equipment slot="Head"
                 id="Item.southern_lord_helmet" />
      <Equipment slot="Body"
                 id="Item.desert_scale_armor" />
      <Equipment slot="Leg"
                 id="Item.lamellar_plate_boots" />
      <Equipment slot="Gloves"
                 id="Item.lamellar_plate_gauntlets" />
      <Equipment slot="Cape"
                 id="Item.imperial_lamellar_shoulders" />
      <Equipment slot="Horse"
                 id="Item.t2_aserai_horse" />
      <Equipment slot="HorseHarness"
                 id="Item.half_mail_and_plate_barding" />
    </EquipmentSet>
    <EquipmentSet civilian="true">
      <Equipment slot="Item0"
                 id="Item.aserai_noble_sword_1_t5" />
      <Equipment slot="Head"
                 id="Item.aserai_civil_hscarf_a" />
      <Equipment slot="Body"
                 id="Item.aserai_civil_b" />
      <Equipment slot="Leg"
                 id="Item.strapped_leather_boots" />
    </EquipmentSet>
    <Flags IsNobleTemplate="true"
           IsCombatantTemplate="true" />
  </EquipmentRoster>

 

</EquipmentRosters>