﻿<?xml version="1.0" encoding="utf-8"?>
<strings>
  <!--craft-->
  <string id="str_weapon_usage.RCJM" text="{=t78atYqH}Two Handed" />
  <string id="str_weapon_usage.CamelPolearm" text="{=t78atYqH}Two Handed" />
  <string id="str_weapon_usage.Tha" text="{=t78atYqH}Two Handed" />
  <string id="str_weapon_usage.Oha" text="{=PiHpR4QL}One Handed" />
  <string id="str_weapon_usage.RCOM" text="{=PiHpR4QL}One Handed" />
  <string id="str_weapon_usage.RCTM" text="{=t78atYqH}Two Handed" />
  <string id="str_crafting_template.RCJM" text="{=dzmb07}Two Handed Polearm" />
  <string id="str_crafting_template.CamelPolearm" text="{=dzmb01}Hero Polearm" />
  <string id="str_crafting_template.Oha" text="{=dzmb02}One Handed Axe" />
  <string id="str_crafting_template.Tha" text="{=dzmb03}Two Handed Axe" />
  <string id="str_crafting_template.RCOM" text="{=dzmb04}One Handed Mace" />
  <string id="str_crafting_template.RCTM" text="{=dzmb05}Two Handed Mace" />



<!--
    <string id="str_weapon_usage.RCCNR" text="{=t78atYqH}Two Handed" />
    <string id="str_crafting_template.RCCNR" text="{=dzmb06}Hero Two Handed Polearm" />  
    <string id="str_weapon_usage.RCFC" text="{=PiHpR4QL}One Handed" />
    <string id="str_crafting_template.RCFC" text="{=dzmb08}One Handed Mace" />
  
  <string id="str_weapon_usage.RCJ" text="{=MW8rlyfL}Thrown" />  
  <string id="str_crafting_template.RCJ" text="{=dzmb06}Javelin" />

  <string id="str_crafting_template.RCOM" text="{=dzmb04}One Handed Mace" />
  <string id="str_crafting_template.RCTM" text="{=dzmb05}Two Handed Mace" />  


  <string id="str_crafting_template.OneHandedSword" text="{=nNDdo3I9}One Handed Sword" />
  <string id="str_crafting_template.TwoHandedSword" text="{=PNZmPprx}Two Handed Sword" />
  <string id="str_crafting_template.Dagger" text="{=mbT1uNPa}Dagger" />
  <string id="str_crafting_template.OneHandedAxe" text="{=8ucLajpU}One Handed Axe" />
  <string id="str_crafting_template.TwoHandedAxe" text="{=bsabIdYm}Two Handed Axe" />
  <string id="str_crafting_template.ThrowingAxe" text="{=tE1VwKTZ}Throwing Axe" />
  <string id="str_crafting_template.TwoHandedPolearm" text="{=FqwHAxuM}Two Handed Polearm" />
  <string id="str_crafting_template.Pike" text="{=h60wQVVX}Pike" />
  <string id="str_crafting_template.OneHandedPolearm" text="{=h60wQVVX}Pike" />
  <string id="str_crafting_template.Javelin" text="{=cBZ6OlKW}Javelin" />
  <string id="str_crafting_template.Mace" text="{=VI4gQt8Q}Mace" />
  <string id="str_crafting_template.TwoHandedMace" text="{=ajZTZoXQ}Two Handed Mace" />
  <string id="str_crafting_template.ThrowingKnife" text="{=9FhdRKWu}Throwing Knife" />
<string id="str_weapon_usage.OneHandedSword" text="{=PiHpR4QL}One Handed" />
  <string id="str_weapon_usage.OneHandedBastardSword" text="{=PiHpR4QL}One Handed" />
  <string id="str_weapon_usage.OneHandedBastardSwordAlternative" text="{=PiHpR4QL}One Handed" />
  <string id="str_weapon_usage.TwoHandedSword" text="{=t78atYqH}Two Handed" />
  <string id="str_weapon_usage.Dagger" text="{=PiHpR4QL}One Handed" />
  <string id="str_weapon_usage.ThrowingKnife" text="{=MW8rlyfL}Thrown" />
  <string id="str_weapon_usage.OneHandedAxe" text="{=PiHpR4QL}One Handed" />
  <string id="str_weapon_usage.OneHandedBastardAxe" text="{=PiHpR4QL}One Handed" />
  <string id="str_weapon_usage.OneHandedBastardAxeAlternative" text="{=PiHpR4QL}One Handed" />
  <string id="str_weapon_usage.TwoHandedAxe" text="{=t78atYqH}Two Handed" />
  <string id="str_weapon_usage.ThrowingAxe" text="{=MW8rlyfL}Thrown" />
  <string id="str_weapon_usage.OneHandedPolearm" text="{=PiHpR4QL}One Handed" />
  <string id="str_weapon_usage.OneHandedPolearm_JavelinAlternative" text="{=PiHpR4QL}One Handed" />
  <string id="str_weapon_usage.TwoHandedPolearm" text="{=t78atYqH}Two Handed" />
  <string id="str_weapon_usage.TwoHandedPolearm_Couchable" text="{=MciIqod6}Couch Lance" />
  <string id="str_weapon_usage.TwoHandedPolearm_Bracing" text="{=s2vaPUdG}Spear Brace" />
  <string id="str_weapon_usage.TwoHandedPolearm_Pike" text="{=t78atYqH}Two Handed" />
  <string id="str_weapon_usage.TwoHandedPolearm_Thrown" text="{=MW8rlyfL}Thrown" />
  <string id="str_weapon_usage.Javelin" text="{=MW8rlyfL}Thrown" />
  <string id="str_weapon_usage.Mace" text="{=PiHpR4QL}One Handed" />
  <string id="str_weapon_usage.TwoHandedMace" text="{=t78atYqH}Two Handed" />-->
  </strings>