<?xml version="1.0" encoding="utf-8"?>
<partyTemplates>
  <MBPartyTemplate id="main_hero_party_template" >
      <stacks>
        <PartyTemplateStack min_value="1" max_value="1" troop="NPCCharacter.main_hero" />
        <PartyTemplateStack min_value="1" max_value="1" troop="NPCCharacter.atemple_priest_31_khans" />
      </stacks>
    </MBPartyTemplate>
  <MBPartyTemplate id="crazyman_party_template" >
      <stacks>
        <PartyTemplateStack min_value="20" max_value="20" troop="NPCCharacter.rc_b1_t1_1" />
        <PartyTemplateStack min_value="10" max_value="10" troop="NPCCharacter.rc_fv2_t5_1r" />
        <PartyTemplateStack min_value="0" max_value="0" troop="NPCCharacter.rc_a7_t3_1" />
      </stacks>
    </MBPartyTemplate>
  <MBPartyTemplate id="mixture_template" >
      <stacks>
        <PartyTemplateStack min_value="30" max_value="80" troop="NPCCharacter.guard" />
      </stacks>
    </MBPartyTemplate>
 <!--looter TEMPLATES-->
  <MBPartyTemplate id="looters_quest_template" >
    <stacks>
      <PartyTemplateStack min_value="15" max_value="15" troop="NPCCharacter.looter" />
    </stacks>
   </MBPartyTemplate>
  <MBPartyTemplate id="looters_template" >
    <stacks>
      <PartyTemplateStack min_value="4" max_value="24" troop="NPCCharacter.looter" />
      <PartyTemplateStack min_value="0" max_value="16" troop="NPCCharacter.deserter" />
    </stacks>
   </MBPartyTemplate>
  <MBPartyTemplate id="sea_raiders_template" >
      <stacks>
         <PartyTemplateStack min_value="2" max_value="10" troop="NPCCharacter.sea_raiders_bandit" />
        <PartyTemplateStack min_value="0" max_value="4" troop="NPCCharacter.sea_raiders_raider" />
        <PartyTemplateStack min_value="0" max_value="4" troop="NPCCharacter.sea_raiders_alt3" />
        <PartyTemplateStack min_value="0" max_value="2" troop="NPCCharacter.sea_raiders_chief" />
        <PartyTemplateStack min_value="0" max_value="2" troop="NPCCharacter.sea_raiders_alt4" />
        <PartyTemplateStack min_value="0" max_value="1" troop="NPCCharacter.sea_raiders_alt5" />
        <PartyTemplateStack min_value="0" max_value="1" troop="NPCCharacter.sea_raiders_champion" />
      </stacks>
    </MBPartyTemplate>
  <MBPartyTemplate id="sea_raiders_boss_party_template" >
    <stacks>
      <PartyTemplateStack min_value="0" max_value="1" troop="NPCCharacter.rc_fs1_t0_1" />
      <PartyTemplateStack min_value="2" max_value="4" troop="NPCCharacter.sea_raiders_raider" />
      <PartyTemplateStack min_value="1" max_value="1" troop="NPCCharacter.sea_raiders_chief" />
      <PartyTemplateStack min_value="1" max_value="1" troop="NPCCharacter.sea_raiders_boss" />
    </stacks>
   </MBPartyTemplate>
  <MBPartyTemplate id="mountain_bandits_template" >
      <stacks>
        <PartyTemplateStack min_value="2" max_value="10" troop="NPCCharacter.mountain_bandits_bandit" />
        <PartyTemplateStack min_value="0" max_value="4" troop="NPCCharacter.mountain_bandits_raider" />
        <PartyTemplateStack min_value="0" max_value="2" troop="NPCCharacter.mountain_bandits_chief" />
        <PartyTemplateStack min_value="0" max_value="2" troop="NPCCharacter.mountain_bandits_champion" />
        <PartyTemplateStack min_value="2" max_value="4" troop="NPCCharacter.mountain_bandits_alt3" />
        <PartyTemplateStack min_value="0" max_value="2" troop="NPCCharacter.mountain_bandits_alt4" />
        <PartyTemplateStack min_value="0" max_value="1" troop="NPCCharacter.mountain_bandits_alt5" />
      </stacks>
    </MBPartyTemplate>
  <MBPartyTemplate id="mountain_bandits_boss_party_template" >
    <stacks>
      <PartyTemplateStack min_value="0" max_value="1" troop="NPCCharacter.rc_fe1_t0_1" />
      <PartyTemplateStack min_value="0" max_value="1" troop="NPCCharacter.rc_fv1_t0_1" />
      <PartyTemplateStack min_value="2" max_value="4" troop="NPCCharacter.mountain_bandits_raider" />
      <PartyTemplateStack min_value="1" max_value="1" troop="NPCCharacter.mountain_bandits_chief" />
      <PartyTemplateStack min_value="1" max_value="1" troop="NPCCharacter.mountain_bandits_boss" />
    </stacks>
   </MBPartyTemplate>
  <MBPartyTemplate id="forest_bandits_template" >
      <stacks>
        <PartyTemplateStack min_value="2" max_value="10" troop="NPCCharacter.forest_bandits_bandit" />
        <PartyTemplateStack min_value="0" max_value="4" troop="NPCCharacter.forest_bandits_raider" />
        <PartyTemplateStack min_value="0" max_value="2" troop="NPCCharacter.forest_bandits_chief" />
        <PartyTemplateStack min_value="0" max_value="2" troop="NPCCharacter.forest_bandits_champion" />
        <PartyTemplateStack min_value="2" max_value="4" troop="NPCCharacter.forest_bandits_alt3" />
        <PartyTemplateStack min_value="0" max_value="2" troop="NPCCharacter.forest_bandits_alt4" />
        <PartyTemplateStack min_value="0" max_value="1" troop="NPCCharacter.forest_bandits_alt5" />
      </stacks>
    </MBPartyTemplate>
  <MBPartyTemplate id="forest_bandits_boss_party_template" >
    <stacks>
      <PartyTemplateStack min_value="0" max_value="1" troop="NPCCharacter.rc_fb1_t0_1" />
      <PartyTemplateStack min_value="2" max_value="4" troop="NPCCharacter.forest_bandits_raider" />
      <PartyTemplateStack min_value="1" max_value="1" troop="NPCCharacter.forest_bandits_chief" />
      <PartyTemplateStack min_value="1" max_value="1" troop="NPCCharacter.forest_bandits_boss" />
    </stacks>
   </MBPartyTemplate>
  <MBPartyTemplate id="desert_bandits_template" >
    <stacks>
        <PartyTemplateStack min_value="2" max_value="10" troop="NPCCharacter.desert_bandits_bandit" />
        <PartyTemplateStack min_value="0" max_value="4" troop="NPCCharacter.desert_bandits_raider" />
        <PartyTemplateStack min_value="0" max_value="2" troop="NPCCharacter.desert_bandits_chief" />
        <PartyTemplateStack min_value="0" max_value="2" troop="NPCCharacter.desert_bandits_champion" />
        <PartyTemplateStack min_value="2" max_value="4" troop="NPCCharacter.desert_bandits_alt3" />
        <PartyTemplateStack min_value="0" max_value="2" troop="NPCCharacter.desert_bandits_alt4" />
        <PartyTemplateStack min_value="0" max_value="1" troop="NPCCharacter.desert_bandits_alt5" />
    </stacks>
   </MBPartyTemplate>
  <MBPartyTemplate id="desert_bandits_boss_party_template" >
    <stacks>
      <PartyTemplateStack min_value="0" max_value="1" troop="NPCCharacter.rc_fa1_t0_1" />
      <PartyTemplateStack min_value="2" max_value="4" troop="NPCCharacter.desert_bandits_raider" />
      <PartyTemplateStack min_value="1" max_value="1" troop="NPCCharacter.desert_bandits_chief" />
      <PartyTemplateStack min_value="1" max_value="1" troop="NPCCharacter.desert_bandits_boss" />
    </stacks>
   </MBPartyTemplate>
  <MBPartyTemplate id="steppe_bandits_template" >
    <stacks>
       <PartyTemplateStack min_value="2" max_value="10" troop="NPCCharacter.steppe_bandits_bandit" />
        <PartyTemplateStack min_value="0" max_value="4" troop="NPCCharacter.steppe_bandits_raider" />
        <PartyTemplateStack min_value="0" max_value="2" troop="NPCCharacter.steppe_bandits_chief" />
        <PartyTemplateStack min_value="0" max_value="2" troop="NPCCharacter.steppe_bandits_champion" />
        <PartyTemplateStack min_value="2" max_value="4" troop="NPCCharacter.steppe_bandits_alt3" />
        <PartyTemplateStack min_value="0" max_value="2" troop="NPCCharacter.steppe_bandits_alt4" />
        <PartyTemplateStack min_value="0" max_value="1" troop="NPCCharacter.steppe_bandits_alt5" />
    </stacks>
   </MBPartyTemplate>
  <MBPartyTemplate id="steppe_bandits_boss_party_template" >
    <stacks>
      <PartyTemplateStack min_value="1" max_value="1" troop="NPCCharacter.rc_fk1_t0_1" />
      <PartyTemplateStack min_value="2" max_value="4" troop="NPCCharacter.steppe_bandits_raider" />
      <PartyTemplateStack min_value="1" max_value="1" troop="NPCCharacter.steppe_bandits_chief" />
      <PartyTemplateStack min_value="1" max_value="1" troop="NPCCharacter.steppe_bandits_boss" />
    </stacks>
   </MBPartyTemplate>
 <!--villager TEMPLATES-->
    <MBPartyTemplate id="villager_empire_template" >
      <stacks>
        <PartyTemplateStack min_value="15" max_value="18" troop="NPCCharacter.rc_e1_t0_1" />
      </stacks>
    </MBPartyTemplate>
    <MBPartyTemplate id="villager_aserai_template" >
      <stacks>
         <PartyTemplateStack min_value="15" max_value="18" troop="NPCCharacter.rc_a1_t0_1" />
      </stacks>
    </MBPartyTemplate>
    <MBPartyTemplate id="villager_sturgia_template" >
      <stacks>
        <PartyTemplateStack min_value="15" max_value="18" troop="NPCCharacter.rc_s1_t0_1" />
      </stacks>
    </MBPartyTemplate>
    <MBPartyTemplate id="villager_vlandia_template" >
      <stacks>
        <PartyTemplateStack min_value="15" max_value="18" troop="NPCCharacter.rc_v1_t0_1" />
      </stacks>
    </MBPartyTemplate>
    <MBPartyTemplate id="villager_battania_template" >
      <stacks>
       <PartyTemplateStack min_value="15" max_value="18" troop="NPCCharacter.rc_b1_t0_1" />
      </stacks>
    </MBPartyTemplate>
    <MBPartyTemplate id="villager_khuzait_template" >
      <stacks>
        <PartyTemplateStack min_value="15" max_value="18" troop="NPCCharacter.rc_k1_t0_1" />
      </stacks>
    </MBPartyTemplate>
 <!--rebels TEMPLATES-->
  <MBPartyTemplate id="rebels_empire_template" >
    <stacks>
      <PartyTemplateStack min_value="1" max_value="1" troop="NPCCharacter.rc_e1_t1_1" />
    </stacks>
  </MBPartyTemplate>
  <MBPartyTemplate id="rebels_aserai_template" >
    <stacks>
      <PartyTemplateStack min_value="1" max_value="1" troop="NPCCharacter.rc_a1_t1_1" />
    </stacks>
  </MBPartyTemplate>
  <MBPartyTemplate id="rebels_sturgia_template" >
    <stacks>
      <PartyTemplateStack min_value="1" max_value="1" troop="NPCCharacter.rc_s1_t1_1" />
    </stacks>
  </MBPartyTemplate>
  <MBPartyTemplate id="rebels_vlandia_template" >
    <stacks>
      <PartyTemplateStack min_value="1" max_value="1" troop="NPCCharacter.rc_v1_t1_1" />
    </stacks>
  </MBPartyTemplate>
  <MBPartyTemplate id="rebels_battania_template" >
    <stacks>
      <PartyTemplateStack min_value="1" max_value="1" troop="NPCCharacter.rc_b1_t1_1" />
    </stacks>
  </MBPartyTemplate>
  <MBPartyTemplate id="rebels_khuzait_template" >
    <stacks>
      <PartyTemplateStack min_value="1" max_value="1" troop="NPCCharacter.rc_k1_t1_1" />
    </stacks>
   </MBPartyTemplate>
 <!--CARAVAN TEMPLATES-->
  <MBPartyTemplate id="caravan_template_aserai" >
    <stacks>
      <PartyTemplateStack min_value="4" max_value="4" troop="NPCCharacter.trader_aserai" />
      <PartyTemplateStack min_value="2" max_value="2" troop="NPCCharacter.armed_trader_melee_aserai" />
      <PartyTemplateStack min_value="2" max_value="2" troop="NPCCharacter.armed_trader_ranged_aserai" />
      <PartyTemplateStack min_value="4" max_value="4" troop="NPCCharacter.caravan_guard_aserai" />
      <PartyTemplateStack min_value="2" max_value="2" troop="NPCCharacter.veteran_caravan_guard_aserai" />
    </stacks>
   </MBPartyTemplate>
  <MBPartyTemplate id="caravan_template_battania" >
    <stacks>
      <PartyTemplateStack  min_value="4" max_value="4" troop="NPCCharacter.trader_battania" />
      <PartyTemplateStack  min_value="2" max_value="2" troop="NPCCharacter.armed_trader_melee_battania" />
      <PartyTemplateStack  min_value="2" max_value="2" troop="NPCCharacter.armed_trader_ranged_battania" />
      <PartyTemplateStack min_value="4" max_value="4" troop="NPCCharacter.caravan_guard_battania" />
      <PartyTemplateStack min_value="2" max_value="2" troop="NPCCharacter.veteran_caravan_guard_battania" />
    </stacks>
   </MBPartyTemplate>
  <MBPartyTemplate id="caravan_template_empire" >
    <stacks>
      <PartyTemplateStack  min_value="4" max_value="4" troop="NPCCharacter.trader_empire" />
      <PartyTemplateStack  min_value="2" max_value="2" troop="NPCCharacter.armed_trader_melee_empire" />
      <PartyTemplateStack  min_value="2" max_value="2" troop="NPCCharacter.armed_trader_ranged_empire" />
      <PartyTemplateStack min_value="4" max_value="4" troop="NPCCharacter.caravan_guard_empire" />
      <PartyTemplateStack min_value="2" max_value="2" troop="NPCCharacter.veteran_caravan_guard_empire" />
    </stacks>  
   </MBPartyTemplate>
  <MBPartyTemplate id="caravan_template_khuzait" >
    <stacks>
      <PartyTemplateStack min_value="4" max_value="4" troop="NPCCharacter.trader_khuzait" />
      <PartyTemplateStack min_value="2" max_value="2" troop="NPCCharacter.armed_trader_melee_khuzait" />
      <PartyTemplateStack min_value="2" max_value="2" troop="NPCCharacter.armed_trader_ranged_khuzait" />
      <PartyTemplateStack min_value="4" max_value="4" troop="NPCCharacter.caravan_guard_khuzait" />
      <PartyTemplateStack min_value="2" max_value="2" troop="NPCCharacter.veteran_caravan_guard_khuzait" />
    </stacks>
   </MBPartyTemplate>
  <MBPartyTemplate id="caravan_template_sturgia" >
    <stacks>
      <PartyTemplateStack min_value="4" max_value="4" troop="NPCCharacter.trader_sturgia" />
      <PartyTemplateStack min_value="2" max_value="2" troop="NPCCharacter.armed_trader_melee_sturgia" />
      <PartyTemplateStack min_value="2" max_value="2" troop="NPCCharacter.armed_trader_ranged_sturgia" />
      <PartyTemplateStack min_value="4" max_value="4" troop="NPCCharacter.caravan_guard_sturgia" />
      <PartyTemplateStack min_value="2" max_value="2" troop="NPCCharacter.veteran_caravan_guard_sturgia" />
    </stacks>
   </MBPartyTemplate>
  <MBPartyTemplate id="caravan_template_vlandia" >
    <stacks>
      <PartyTemplateStack min_value="4" max_value="4" troop="NPCCharacter.trader_vlandia" />
      <PartyTemplateStack min_value="2" max_value="2" troop="NPCCharacter.armed_trader_melee_vlandia" />
      <PartyTemplateStack min_value="2" max_value="2" troop="NPCCharacter.armed_trader_ranged_vlandia" />
      <PartyTemplateStack min_value="4" max_value="4" troop="NPCCharacter.caravan_guard_vlandia" />
      <PartyTemplateStack min_value="2" max_value="2" troop="NPCCharacter.veteran_caravan_guard_vlandia" />
    </stacks>
   </MBPartyTemplate>
 <!--ELITE CARAVAN TEMPLATES-->
  <MBPartyTemplate id="elite_caravan_template_aserai" >
    <stacks>
      <PartyTemplateStack min_value="4" max_value="4" troop="NPCCharacter.trader_aserai" />
      <PartyTemplateStack min_value="2" max_value="2" troop="NPCCharacter.armed_trader_melee_aserai" />
      <PartyTemplateStack min_value="2" max_value="2" troop="NPCCharacter.armed_trader_ranged_aserai" />
      <PartyTemplateStack min_value="7" max_value="7" troop="NPCCharacter.caravan_guard_aserai" />
      <PartyTemplateStack min_value="8" max_value="8" troop="NPCCharacter.veteran_caravan_guard_aserai" />
      <PartyTemplateStack min_value="2" max_value="2" troop="NPCCharacter.caravan_master_aserai" />
    </stacks>
   </MBPartyTemplate>
  <MBPartyTemplate id="elite_caravan_template_battania" >
    <stacks>
      <PartyTemplateStack  min_value="4" max_value="4" troop="NPCCharacter.trader_battania" />
      <PartyTemplateStack  min_value="2" max_value="2" troop="NPCCharacter.armed_trader_melee_battania" />
      <PartyTemplateStack  min_value="2" max_value="2" troop="NPCCharacter.armed_trader_ranged_battania" />
      <PartyTemplateStack min_value="7" max_value="7" troop="NPCCharacter.caravan_guard_battania" />
      <PartyTemplateStack min_value="8" max_value="8" troop="NPCCharacter.veteran_caravan_guard_battania" />
      <PartyTemplateStack min_value="2" max_value="2" troop="NPCCharacter.caravan_master_battania" />
    </stacks>
   </MBPartyTemplate>
  <MBPartyTemplate id="elite_caravan_template_empire" >
    <stacks>
      <PartyTemplateStack  min_value="4" max_value="4" troop="NPCCharacter.trader_empire" />
      <PartyTemplateStack  min_value="2" max_value="2" troop="NPCCharacter.armed_trader_melee_empire" />
      <PartyTemplateStack  min_value="2" max_value="2" troop="NPCCharacter.armed_trader_ranged_empire" />
      <PartyTemplateStack min_value="7" max_value="7" troop="NPCCharacter.caravan_guard_empire" />
      <PartyTemplateStack min_value="8" max_value="8" troop="NPCCharacter.veteran_caravan_guard_empire" />
      <PartyTemplateStack min_value="2" max_value="2" troop="NPCCharacter.caravan_master_empire" />
    </stacks>
   </MBPartyTemplate>
  <MBPartyTemplate id="elite_caravan_template_khuzait" >
    <stacks>
      <PartyTemplateStack min_value="4" max_value="4" troop="NPCCharacter.trader_khuzait" />
      <PartyTemplateStack min_value="2" max_value="2" troop="NPCCharacter.armed_trader_melee_khuzait" />
      <PartyTemplateStack min_value="2" max_value="2" troop="NPCCharacter.armed_trader_ranged_khuzait" />
      <PartyTemplateStack min_value="7" max_value="7" troop="NPCCharacter.caravan_guard_khuzait" />
      <PartyTemplateStack min_value="8" max_value="8" troop="NPCCharacter.veteran_caravan_guard_khuzait" />
      <PartyTemplateStack min_value="2" max_value="2" troop="NPCCharacter.caravan_master_khuzait" />
    </stacks>
   </MBPartyTemplate>
  <MBPartyTemplate id="elite_caravan_template_sturgia" >
    <stacks>
      <PartyTemplateStack min_value="4" max_value="4" troop="NPCCharacter.trader_sturgia" />
      <PartyTemplateStack min_value="2" max_value="2" troop="NPCCharacter.armed_trader_melee_sturgia" />
      <PartyTemplateStack min_value="2" max_value="2" troop="NPCCharacter.armed_trader_ranged_sturgia" />
      <PartyTemplateStack min_value="7" max_value="7" troop="NPCCharacter.caravan_guard_sturgia" />
      <PartyTemplateStack min_value="8" max_value="8" troop="NPCCharacter.veteran_caravan_guard_sturgia" />
      <PartyTemplateStack min_value="2" max_value="2" troop="NPCCharacter.caravan_master_sturgia" />
   </stacks>
   </MBPartyTemplate>
  <MBPartyTemplate id="elite_caravan_template_vlandia" >
    <stacks>
      <PartyTemplateStack min_value="4" max_value="4" troop="NPCCharacter.trader_vlandia" />
      <PartyTemplateStack min_value="2" max_value="2" troop="NPCCharacter.armed_trader_melee_vlandia" />
      <PartyTemplateStack min_value="2" max_value="2" troop="NPCCharacter.armed_trader_ranged_vlandia" />
      <PartyTemplateStack min_value="7" max_value="7" troop="NPCCharacter.caravan_guard_vlandia" />
      <PartyTemplateStack min_value="8" max_value="8" troop="NPCCharacter.veteran_caravan_guard_vlandia" />
      <PartyTemplateStack min_value="2" max_value="2" troop="NPCCharacter.caravan_master_vlandia" />
    </stacks>
   </MBPartyTemplate>
 <!--militia TEMPLATES-->
  <MBPartyTemplate id="militia_empire_template" >
      <stacks>
        <PartyTemplateStack min_value="1" max_value="1" troop="NPCCharacter.imperial_militia_spearman" />
        <PartyTemplateStack min_value="1" max_value="1" troop="NPCCharacter.imperial_militia_archer" />
      </stacks>
    </MBPartyTemplate>
  <MBPartyTemplate id="militia_sturgia_template" >
      <stacks>
        <PartyTemplateStack min_value="1" max_value="1" troop="NPCCharacter.sturgian_militia_spearman" />
        <PartyTemplateStack min_value="1" max_value="1" troop="NPCCharacter.sturgian_militia_archer" />
      </stacks>
    </MBPartyTemplate>
  <MBPartyTemplate id="militia_aserai_template" >
      <stacks>
        <PartyTemplateStack min_value="1" max_value="1" troop="NPCCharacter.aserai_militia_spearman" />
        <PartyTemplateStack min_value="1" max_value="1" troop="NPCCharacter.aserai_militia_archer" />
      </stacks>
    </MBPartyTemplate>
  <MBPartyTemplate id="militia_vlandia_template" >
      <stacks>
        <PartyTemplateStack min_value="1" max_value="1" troop="NPCCharacter.vlandian_militia_spearman" />
        <PartyTemplateStack min_value="1" max_value="1" troop="NPCCharacter.vlandian_militia_archer" />
      </stacks>
    </MBPartyTemplate>
  <MBPartyTemplate id="militia_battania_template" >
      <stacks>
        <PartyTemplateStack min_value="1" max_value="1" troop="NPCCharacter.battanian_militia_spearman" />
        <PartyTemplateStack min_value="1" max_value="1" troop="NPCCharacter.battanian_militia_archer" />
      </stacks>
    </MBPartyTemplate>
  <MBPartyTemplate id="militia_khuzait_template" >
      <stacks>
        <PartyTemplateStack min_value="1" max_value="1" troop="NPCCharacter.khuzait_militia_spearman" />
        <PartyTemplateStack min_value="1" max_value="1" troop="NPCCharacter.khuzait_militia_archer" />
      </stacks>
    </MBPartyTemplate>
 <!--部队-->
  <MBPartyTemplate id="kingdom_hero_party_empire_template" >
    <stacks>
      <PartyTemplateStack min_value="10" max_value="10" troop="NPCCharacter.rc_e4_t5_1" />
      <PartyTemplateStack min_value="5" max_value="5" troop="NPCCharacter.rc_e4_t6_1" />
      <PartyTemplateStack min_value="0" max_value="10" troop="NPCCharacter.rc_e1_t2_1" />
      <PartyTemplateStack min_value="0" max_value="10" troop="NPCCharacter.rc_e1_t3_1" />
      <PartyTemplateStack min_value="0" max_value="10" troop="NPCCharacter.rc_e1_t4_1" />
      <PartyTemplateStack min_value="10" max_value="10" troop="NPCCharacter.rc_e1_t5_1" />
      <PartyTemplateStack min_value="5" max_value="5" troop="NPCCharacter.rc_e1_t6_1" />
      <PartyTemplateStack min_value="0" max_value="10" troop="NPCCharacter.rc_e1_t4_2" />
      <PartyTemplateStack min_value="10" max_value="10" troop="NPCCharacter.rc_e1_t5_2" />
      <PartyTemplateStack min_value="5" max_value="5" troop="NPCCharacter.rc_e1_t6_2" />
      <PartyTemplateStack min_value="0" max_value="10" troop="NPCCharacter.rc_e2_t2_1" />
      <PartyTemplateStack min_value="0" max_value="10" troop="NPCCharacter.rc_e2_t3_1" />
      <PartyTemplateStack min_value="0" max_value="10" troop="NPCCharacter.rc_e2_t4_1" />
      <PartyTemplateStack min_value="10" max_value="10" troop="NPCCharacter.rc_e2_t5_1" />
      <PartyTemplateStack min_value="5" max_value="5" troop="NPCCharacter.rc_e2_t6_1" />
      <PartyTemplateStack min_value="0" max_value="10" troop="NPCCharacter.rc_e2_t4_2" />
      <PartyTemplateStack min_value="10" max_value="10" troop="NPCCharacter.rc_e2_t5_2" />
      <PartyTemplateStack min_value="5" max_value="5" troop="NPCCharacter.rc_e2_t6_2" />
      <PartyTemplateStack min_value="0" max_value="15" troop="NPCCharacter.rc_e7_t3_1" />
      <PartyTemplateStack min_value="0" max_value="10" troop="NPCCharacter.rc_e7_t4_1" />
      <PartyTemplateStack min_value="10" max_value="10" troop="NPCCharacter.rc_e7_t5_1" />
      <PartyTemplateStack min_value="5" max_value="5" troop="NPCCharacter.rc_e7_t6_1" />
      <PartyTemplateStack min_value="0" max_value="10" troop="NPCCharacter.rc_fe1_t2_1" />
      <PartyTemplateStack min_value="0" max_value="10" troop="NPCCharacter.rc_fe1_t3_1" />
      <PartyTemplateStack min_value="0" max_value="15" troop="NPCCharacter.rc_fe1_t4_1" />
      <PartyTemplateStack min_value="10" max_value="10" troop="NPCCharacter.rc_fe1_t5_1" />
      <PartyTemplateStack min_value="5" max_value="5" troop="NPCCharacter.rc_fe2_t6_1" />
      <PartyTemplateStack min_value="5" max_value="5" troop="NPCCharacter.rc_fe4_t6_1" />
      <PartyTemplateStack min_value="5" max_value="5" troop="NPCCharacter.temple_priest_31_archer" />
      <PartyTemplateStack min_value="5" max_value="5" troop="NPCCharacter.temple_priest_31_zealots" />
    </stacks>
   </MBPartyTemplate>
  <MBPartyTemplate id="kingdom_hero_party_sturgia_template" >
    <stacks>
      <PartyTemplateStack min_value="0" max_value="10" troop="NPCCharacter.rc_s1_t2_1" />
      <PartyTemplateStack min_value="0" max_value="10" troop="NPCCharacter.rc_s1_t3_1" />
      <PartyTemplateStack min_value="0" max_value="10" troop="NPCCharacter.rc_s1_t4_1" />
      <PartyTemplateStack min_value="10" max_value="10" troop="NPCCharacter.rc_s1_t5_1" />
      <PartyTemplateStack min_value="10" max_value="10" troop="NPCCharacter.rc_s1_t5_2" />
      <PartyTemplateStack min_value="5" max_value="5" troop="NPCCharacter.rc_s1_t6_1" />
      <PartyTemplateStack min_value="0" max_value="10" troop="NPCCharacter.rc_s1_t4_2" />
      <PartyTemplateStack min_value="10" max_value="10" troop="NPCCharacter.rc_s1_t5_3" />
      <PartyTemplateStack min_value="5" max_value="5" troop="NPCCharacter.rc_s1_t6_2" />
      <PartyTemplateStack min_value="0" max_value="10" troop="NPCCharacter.rc_s1_t2_2" />
      <PartyTemplateStack min_value="0" max_value="10" troop="NPCCharacter.rc_s2_t3_1" />
      <PartyTemplateStack min_value="0" max_value="10" troop="NPCCharacter.rc_s2_t4_1" />
      <PartyTemplateStack min_value="10" max_value="10" troop="NPCCharacter.rc_s2_t5_1" />
      <PartyTemplateStack min_value="35" max_value="35" troop="NPCCharacter.rc_s2_t6_1" />
      <PartyTemplateStack min_value="0" max_value="10" troop="NPCCharacter.rc_s4_t4_1" />
      <PartyTemplateStack min_value="10" max_value="10" troop="NPCCharacter.rc_s4_t5_1" />
      <PartyTemplateStack min_value="0" max_value="10" troop="NPCCharacter.rc_s1_t3_2" />
      <PartyTemplateStack min_value="0" max_value="10" troop="NPCCharacter.rc_s3_t4_1" />
      <PartyTemplateStack min_value="10" max_value="10" troop="NPCCharacter.rc_s3_t5_1" />
      <PartyTemplateStack min_value="5" max_value="5" troop="NPCCharacter.rc_s3_t6_1" />
      <PartyTemplateStack min_value="0" max_value="10" troop="NPCCharacter.rc_s5_t3_1" />
      <PartyTemplateStack min_value="0" max_value="10" troop="NPCCharacter.rc_s7_t4_1" />
      <PartyTemplateStack min_value="10" max_value="10" troop="NPCCharacter.rc_s7_t5_1" />
      <PartyTemplateStack min_value="5" max_value="5" troop="NPCCharacter.rc_s7_t6_1" />
      <PartyTemplateStack min_value="0" max_value="10" troop="NPCCharacter.rc_fb2_t2_1" />
      <PartyTemplateStack min_value="0" max_value="10" troop="NPCCharacter.rc_fb2_t3_1" />
      <PartyTemplateStack min_value="0" max_value="10" troop="NPCCharacter.rc_fb2_t4_1" />
      <PartyTemplateStack min_value="10" max_value="10" troop="NPCCharacter.rc_fb2_t5_1" />
      <PartyTemplateStack min_value="15" max_value="15" troop="NPCCharacter.rc_fb2_t6_1" />
      <PartyTemplateStack min_value="15" max_value="15" troop="NPCCharacter.rc_fb2_t6_2" />
      <PartyTemplateStack min_value="25" max_value="25" troop="NPCCharacter.atemple_priest_31_bodyguard" />
    </stacks>
   </MBPartyTemplate>
  <MBPartyTemplate id="kingdom_hero_party_aserai_template" >
    <stacks>
      <PartyTemplateStack min_value="10" max_value="10" troop="NPCCharacter.rc_a1_t2_2" />
      <PartyTemplateStack min_value="10" max_value="10" troop="NPCCharacter.rc_a3_t3_1" />
      <PartyTemplateStack min_value="15" max_value="15" troop="NPCCharacter.rc_a4_t4_1" />
      <PartyTemplateStack min_value="15" max_value="15" troop="NPCCharacter.rc_a4_t5_1" />
      <PartyTemplateStack min_value="5" max_value="5" troop="NPCCharacter.rc_a4_t6_1" />
      <PartyTemplateStack min_value="10" max_value="10" troop="NPCCharacter.rc_a1_t2_1" />
      <PartyTemplateStack min_value="10" max_value="10" troop="NPCCharacter.rc_a1_t3_1" />
      <PartyTemplateStack min_value="10" max_value="10" troop="NPCCharacter.rc_a1_t4_1" />
      <PartyTemplateStack min_value="25" max_value="25" troop="NPCCharacter.rc_a1_t5_1" />
      <PartyTemplateStack min_value="15" max_value="15" troop="NPCCharacter.rc_a1_t4_2" />
      <PartyTemplateStack min_value="25" max_value="25" troop="NPCCharacter.rc_a1_t5_2" />
      <PartyTemplateStack min_value="10" max_value="10" troop="NPCCharacter.rc_a2_t3_1" />
      <PartyTemplateStack min_value="15" max_value="15" troop="NPCCharacter.rc_a2_t4_1" />
      <PartyTemplateStack min_value="25" max_value="25" troop="NPCCharacter.rc_a2_t5_1" />
      <PartyTemplateStack min_value="10" max_value="10" troop="NPCCharacter.rc_a1_t3_3" />
      <PartyTemplateStack min_value="10" max_value="10" troop="NPCCharacter.rc_a1_t4_3" />
      <PartyTemplateStack min_value="25" max_value="25" troop="NPCCharacter.rc_a1_t5_3" />
      <PartyTemplateStack min_value="5" max_value="5" troop="NPCCharacter.rc_a1_t6_3" />
      <PartyTemplateStack min_value="10" max_value="10" troop="NPCCharacter.rc_a7_t3_1" />
      <PartyTemplateStack min_value="10" max_value="10" troop="NPCCharacter.rc_a7_t4_1" />
      <PartyTemplateStack min_value="25" max_value="25" troop="NPCCharacter.rc_a7_t5_1" />
      <PartyTemplateStack min_value="5" max_value="5" troop="NPCCharacter.rc_a7_t6_1" />
      <PartyTemplateStack min_value="25" max_value="25" troop="NPCCharacter.rc_a7_t5_2" />
      <PartyTemplateStack min_value="5" max_value="5" troop="NPCCharacter.rc_a7_t6_2" />
      <PartyTemplateStack min_value="10" max_value="10" troop="NPCCharacter.rc_fa4_t2_1" />
      <PartyTemplateStack min_value="10" max_value="10" troop="NPCCharacter.rc_fa4_t3_1" />
      <PartyTemplateStack min_value="20" max_value="20" troop="NPCCharacter.rc_fa4_t4_1" />
      <PartyTemplateStack min_value="25" max_value="25" troop="NPCCharacter.rc_fa4_t5_1" />
      <PartyTemplateStack min_value="5" max_value="5" troop="NPCCharacter.rc_fa4_t6_1" />
          <PartyTemplateStack min_value="15" max_value="15" troop="NPCCharacter.atemple_priest_31_camel" />
    </stacks>
   </MBPartyTemplate>
  <MBPartyTemplate id="kingdom_hero_party_vlandia_template" >
    <stacks>
      <PartyTemplateStack min_value="0" max_value="10" troop="NPCCharacter.rc_v1_t2_1" />
      <PartyTemplateStack min_value="0" max_value="10" troop="NPCCharacter.rc_v1_t3_1" />
      <PartyTemplateStack min_value="0" max_value="10" troop="NPCCharacter.rc_v1_t4_1" />
      <PartyTemplateStack min_value="10" max_value="10" troop="NPCCharacter.rc_v1_t5_1" />
      <PartyTemplateStack min_value="10" max_value="10" troop="NPCCharacter.rc_v1_t4_2" />
      <PartyTemplateStack min_value="10" max_value="10" troop="NPCCharacter.rc_v1_t5_2" />
      <PartyTemplateStack min_value="10" max_value="10" troop="NPCCharacter.rc_v1_t4_3" />
      <PartyTemplateStack min_value="10" max_value="10" troop="NPCCharacter.rc_v1_t5_3" />
      <PartyTemplateStack min_value="5" max_value="5" troop="NPCCharacter.rc_v3_t6_2" />
      <PartyTemplateStack min_value="0" max_value="10" troop="NPCCharacter.rc_v3_t3_3" />
      <PartyTemplateStack min_value="0" max_value="10" troop="NPCCharacter.rc_v3_t4_3" />
      <PartyTemplateStack min_value="10" max_value="10" troop="NPCCharacter.rc_v3_t5_3" />
      <PartyTemplateStack min_value="5" max_value="5" troop="NPCCharacter.rc_v3_t6_3" />
      <PartyTemplateStack min_value="5" max_value="5" troop="NPCCharacter.rc_v3_t6_4" />
      <PartyTemplateStack min_value="0" max_value="15" troop="NPCCharacter.rc_v7_t3_1" />
      <PartyTemplateStack min_value="0" max_value="10" troop="NPCCharacter.rc_v7_t4_1" />
      <PartyTemplateStack min_value="10" max_value="10" troop="NPCCharacter.rc_v7_t5_1" />
      <PartyTemplateStack min_value="5" max_value="5" troop="NPCCharacter.rc_v7_t6_1" />
      <PartyTemplateStack min_value="10" max_value="10" troop="NPCCharacter.rc_v7_t5_2" />
      <PartyTemplateStack min_value="5" max_value="5" troop="NPCCharacter.rc_v7_t6_2" />
      <PartyTemplateStack min_value="0" max_value="10" troop="NPCCharacter.rc_fv2_t2_1" />
      <PartyTemplateStack min_value="0" max_value="10" troop="NPCCharacter.rc_fv2_t3_1" />
      <PartyTemplateStack min_value="15" max_value="15" troop="NPCCharacter.rc_fv2_t4_1" />
      <PartyTemplateStack min_value="15" max_value="15" troop="NPCCharacter.rc_fv2_t5_1" />
      <PartyTemplateStack min_value="5" max_value="5" troop="NPCCharacter.rc_fv2_t6_1" />
      <PartyTemplateStack min_value="5" max_value="5" troop="NPCCharacter.rc_fv4_t6_1" />
      <PartyTemplateStack min_value="5" max_value="5" troop="NPCCharacter.temple_priest_31_lances_v" />
    </stacks>
   </MBPartyTemplate>
  <MBPartyTemplate id="kingdom_hero_party_battania_template" >
    <stacks>
      <PartyTemplateStack min_value="0" max_value="5" troop="NPCCharacter.rc_b1_t2_1" />
      <PartyTemplateStack min_value="0" max_value="5" troop="NPCCharacter.rc_b1_t3_1" />
      <PartyTemplateStack min_value="0" max_value="5" troop="NPCCharacter.rc_b1_t4_1" />
      <PartyTemplateStack min_value="10" max_value="10" troop="NPCCharacter.rc_b1_t5_1" />
      <PartyTemplateStack min_value="0" max_value="5" troop="NPCCharacter.rc_b3_t4_1" />
      <PartyTemplateStack min_value="0" max_value="5" troop="NPCCharacter.rc_b3_t5_1" />
      <PartyTemplateStack min_value="25" max_value="25" troop="NPCCharacter.rc_b3_t6_1" />
      <PartyTemplateStack min_value="0" max_value="5" troop="NPCCharacter.rc_b1_t3_2" />
      <PartyTemplateStack min_value="0" max_value="5" troop="NPCCharacter.rc_b1_t4_2" />
      <PartyTemplateStack min_value="0" max_value="5" troop="NPCCharacter.rc_b1_t5_2" />
      <PartyTemplateStack min_value="25" max_value="25" troop="NPCCharacter.rc_b1_t6_2" />
      <PartyTemplateStack min_value="0" max_value="5" troop="NPCCharacter.rc_b1_t2_3" />
      <PartyTemplateStack min_value="0" max_value="5" troop="NPCCharacter.rc_b1_t3_3" />
      <PartyTemplateStack min_value="0" max_value="5" troop="NPCCharacter.rc_b1_t4_3" />
      <PartyTemplateStack min_value="0" max_value="5" troop="NPCCharacter.rc_b1_t5_3" />
      <PartyTemplateStack min_value="25" max_value="25" troop="NPCCharacter.rc_b1_t6_3" />
      <PartyTemplateStack min_value="0" max_value="5" troop="NPCCharacter.rc_b3_t4_2" />
      <PartyTemplateStack min_value="0" max_value="5" troop="NPCCharacter.rc_b4_t5_1" />
      <PartyTemplateStack min_value="0" max_value="5" troop="NPCCharacter.rc_b6_t3_1" />
      <PartyTemplateStack min_value="0" max_value="5" troop="NPCCharacter.rc_b6_t4_1" />
      <PartyTemplateStack min_value="0" max_value="5" troop="NPCCharacter.rc_b6_t5_1" />
      <PartyTemplateStack min_value="35" max_value="35" troop="NPCCharacter.rc_b6_t6_1" />
      <PartyTemplateStack min_value="0" max_value="5" troop="NPCCharacter.rc_fb2_t2_1" />
      <PartyTemplateStack min_value="0" max_value="5" troop="NPCCharacter.rc_fb2_t3_1" />
      <PartyTemplateStack min_value="0" max_value="5" troop="NPCCharacter.rc_fb2_t4_1" />
      <PartyTemplateStack min_value="0" max_value="5" troop="NPCCharacter.rc_fb2_t5_1" />
      <PartyTemplateStack min_value="25" max_value="25" troop="NPCCharacter.rc_fb2_t6_1" />
      <PartyTemplateStack min_value="25" max_value="25" troop="NPCCharacter.rc_fb2_t6_2" />
      <PartyTemplateStack min_value="55" max_value="55" troop="NPCCharacter.atemple_priest_31_fian" />
      <PartyTemplateStack min_value="55" max_value="55" troop="NPCCharacter.atemple_priest_31_breaker" />
    </stacks>
   </MBPartyTemplate>
  <MBPartyTemplate id="kingdom_hero_party_khuzait_template" >
    <stacks>
      <PartyTemplateStack min_value="0" max_value="5" troop="NPCCharacter.rc_k8_t3_1" />
      <PartyTemplateStack min_value="0" max_value="5" troop="NPCCharacter.rc_k8_t4_1" />
      <PartyTemplateStack min_value="0" max_value="5" troop="NPCCharacter.rc_k8_t5_1" />
      <PartyTemplateStack min_value="30" max_value="30" troop="NPCCharacter.rc_k8_t6_1" />
      <PartyTemplateStack min_value="0" max_value="5" troop="NPCCharacter.rc_k7_t5_1" />
      <PartyTemplateStack min_value="30" max_value="30" troop="NPCCharacter.rc_k7_t6_1" />
      <PartyTemplateStack min_value="0" max_value="5" troop="NPCCharacter.rc_k1_t2_1" />
      <PartyTemplateStack min_value="0" max_value="5" troop="NPCCharacter.rc_k1_t3_1" />
      <PartyTemplateStack min_value="0" max_value="5" troop="NPCCharacter.rc_k1_t4_1" />
      <PartyTemplateStack min_value="0" max_value="5" troop="NPCCharacter.rc_k1_t5_1" />
      <PartyTemplateStack min_value="30" max_value="30" troop="NPCCharacter.rc_k1_t6_1" />
      <PartyTemplateStack min_value="0" max_value="5" troop="NPCCharacter.rc_k1_t6_2" />
      <PartyTemplateStack min_value="0" max_value="5" troop="NPCCharacter.rc_k2_t3_1" />
      <PartyTemplateStack min_value="0" max_value="5" troop="NPCCharacter.rc_k2_t4_1" />
      <PartyTemplateStack min_value="0" max_value="5" troop="NPCCharacter.rc_k2_t5_1" />
      <PartyTemplateStack min_value="30" max_value="30" troop="NPCCharacter.rc_k2_t6_1" />
      <PartyTemplateStack min_value="0" max_value="5" troop="NPCCharacter.rc_k4_t2_1" />
      <PartyTemplateStack min_value="0" max_value="5" troop="NPCCharacter.rc_k3_t3_1" />
      <PartyTemplateStack min_value="0" max_value="5" troop="NPCCharacter.rc_k3_t4_1" />
      <PartyTemplateStack min_value="0" max_value="5" troop="NPCCharacter.rc_k3_t5_1" />
      <PartyTemplateStack min_value="0" max_value="5" troop="NPCCharacter.rc_k4_t3_1" />
      <PartyTemplateStack min_value="0" max_value="5" troop="NPCCharacter.rc_k4_t4_1" />
      <PartyTemplateStack min_value="0" max_value="5" troop="NPCCharacter.rc_k4_t5_1" />
      <PartyTemplateStack min_value="0" max_value="5" troop="NPCCharacter.rc_fk2_t2_1" />
      <PartyTemplateStack min_value="0" max_value="5" troop="NPCCharacter.rc_fk4_t3_1" />
      <PartyTemplateStack min_value="0" max_value="5" troop="NPCCharacter.rc_fk4_t4_1" />
      <PartyTemplateStack min_value="0" max_value="5" troop="NPCCharacter.rc_fk4_t5_1" />
      <PartyTemplateStack min_value="35" max_value="35" troop="NPCCharacter.rc_fk4_t6_1" />
      <PartyTemplateStack min_value="15" max_value="15" troop="NPCCharacter.atemple_priest_31_khans" />
    </stacks>
   </MBPartyTemplate>  
 <!-- party templates for mercenary minor factions (4) -->
  <MBPartyTemplate id="kingdom_hero_party_mercenary_aserai_template" >
    <stacks>
      <PartyTemplateStack min_value="2" max_value="2" troop="NPCCharacter.ghilman_tier_4_ete" />
      <PartyTemplateStack min_value="4" max_value="4" troop="NPCCharacter.ghilman_tier_3" />
      <PartyTemplateStack min_value="8" max_value="8" troop="NPCCharacter.ghilman_tier_2" />
      <PartyTemplateStack min_value="16" max_value="16" troop="NPCCharacter.ghilman_tier_1" />
    </stacks>
  </MBPartyTemplate>
  <MBPartyTemplate id="kingdom_hero_party_mercenary_empire_template" >
    <stacks>
      <PartyTemplateStack min_value="2" max_value="2" troop="NPCCharacter.legion_of_the_betrayed_tier_4_ete" />
      <PartyTemplateStack min_value="4" max_value="4" troop="NPCCharacter.legion_of_the_betrayed_tier_3" />
      <PartyTemplateStack min_value="8" max_value="8" troop="NPCCharacter.legion_of_the_betrayed_tier_2" />
      <PartyTemplateStack min_value="16" max_value="16" troop="NPCCharacter.legion_of_the_betrayed_tier_1" />
    </stacks>
  </MBPartyTemplate>
  <MBPartyTemplate id="kingdom_hero_party_mercenary_sturgia_template" >
    <stacks>
      <PartyTemplateStack min_value="4" max_value="4" troop="NPCCharacter.skolderbrotva_tier_4_ete" />
      <PartyTemplateStack min_value="4" max_value="4" troop="NPCCharacter.skolderbrotva_tier_3" />
      <PartyTemplateStack min_value="8" max_value="8" troop="NPCCharacter.skolderbrotva_tier_2" />
      <PartyTemplateStack min_value="16" max_value="16" troop="NPCCharacter.skolderbrotva_tier_1" />
    </stacks>
  </MBPartyTemplate>
  <MBPartyTemplate id="kingdom_hero_party_mercenary_vlandia_template" >
    <stacks>
      <PartyTemplateStack min_value="2" max_value="2" troop="NPCCharacter.company_of_the_boar_tier_4_ete" />
      <PartyTemplateStack min_value="4" max_value="4" troop="NPCCharacter.company_of_the_boar_tier_3" />
      <PartyTemplateStack min_value="8" max_value="8" troop="NPCCharacter.company_of_the_boar_tier_2" />
      <PartyTemplateStack min_value="16" max_value="16" troop="NPCCharacter.company_of_the_boar_tier_1" />
    </stacks>
  </MBPartyTemplate>
 <!-- party templates for outlaw minor factions (8) -->
  <MBPartyTemplate id="kingdom_hero_party_outlaw_aserai_template" >
    <stacks>
      <PartyTemplateStack min_value="2" max_value="2" troop="NPCCharacter.beni_zilal_tier_4_ete" />
      <PartyTemplateStack min_value="4" max_value="4" troop="NPCCharacter.beni_zilal_tier_3" />
      <PartyTemplateStack min_value="8" max_value="8" troop="NPCCharacter.beni_zilal_tier_2" />
      <PartyTemplateStack min_value="16" max_value="16" troop="NPCCharacter.beni_zilal_tier_1" />
    </stacks>
  </MBPartyTemplate>
  <MBPartyTemplate id="kingdom_hero_party_outlaw_battania_template" >
    <stacks>
      <PartyTemplateStack min_value="2" max_value="2" troop="NPCCharacter.wolfskins_tier_4_ete" />
      <PartyTemplateStack min_value="4" max_value="4" troop="NPCCharacter.wolfskins_tier_3" />
      <PartyTemplateStack min_value="8" max_value="8" troop="NPCCharacter.wolfskins_tier_2" />
      <PartyTemplateStack min_value="16" max_value="16" troop="NPCCharacter.wolfskins_tier_1" />
    </stacks>
  </MBPartyTemplate>
  <MBPartyTemplate id="kingdom_hero_party_outlaw_empire_e_template" >
    <stacks>
      <PartyTemplateStack min_value="16" max_value="16" troop="NPCCharacter.embers_of_flame_tier_1" />
      <PartyTemplateStack min_value="8" max_value="8" troop="NPCCharacter.embers_of_flame_tier_2" />
      <PartyTemplateStack min_value="4" max_value="4" troop="NPCCharacter.embers_of_flame_tier_3" />
      <PartyTemplateStack min_value="2" max_value="2" troop="NPCCharacter.embers_of_flame_tier_4_ete" />
    </stacks>
  </MBPartyTemplate>
  <MBPartyTemplate id="kingdom_hero_party_outlaw_empire_s_template" >
    <stacks>
      <PartyTemplateStack min_value="4" max_value="4" troop="NPCCharacter.guardians_tier_3" />
      <PartyTemplateStack min_value="8" max_value="8" troop="NPCCharacter.guardians_tier_2" />
      <PartyTemplateStack min_value="16" max_value="16" troop="NPCCharacter.guardians_tier_1" />
    </stacks>
  </MBPartyTemplate>
  <MBPartyTemplate id="kingdom_hero_party_outlaw_empire_w_template" >
    <stacks>
      <PartyTemplateStack min_value="16" max_value="16" troop="NPCCharacter.hidden_hand_tier_1" />
      <PartyTemplateStack min_value="8" max_value="8" troop="NPCCharacter.hidden_hand_tier_2" />     
      <PartyTemplateStack min_value="4" max_value="4" troop="NPCCharacter.hidden_hand_tier_3" />
      <PartyTemplateStack min_value="2" max_value="2" troop="NPCCharacter.hidden_hand_tier_4_ete" />
    </stacks>
  </MBPartyTemplate>
  <MBPartyTemplate id="kingdom_hero_party_outlaw_sturgia_template" >
    <stacks>
      <PartyTemplateStack min_value="16" max_value="16" troop="NPCCharacter.lakepike_tier_1" />
      <PartyTemplateStack min_value="8" max_value="8" troop="NPCCharacter.lakepike_tier_2" />
      <PartyTemplateStack min_value="4" max_value="4" troop="NPCCharacter.lakepike_tier_3" />
      <PartyTemplateStack min_value="2" max_value="2" troop="NPCCharacter.lakepike_tier_4_ete" />
    </stacks>
  </MBPartyTemplate>
  <MBPartyTemplate id="kingdom_hero_party_outlaw_vlandia_template" >
    <stacks>
      <PartyTemplateStack min_value="2" max_value="2" troop="NPCCharacter.brotherhood_of_woods_tier_4_ete" />
      <PartyTemplateStack min_value="4" max_value="4" troop="NPCCharacter.brotherhood_of_woods_tier_3" />
      <PartyTemplateStack min_value="8" max_value="8" troop="NPCCharacter.brotherhood_of_woods_tier_2" />
      <PartyTemplateStack min_value="16" max_value="16" troop="NPCCharacter.brotherhood_of_woods_tier_1" />
    </stacks>
  </MBPartyTemplate>

 <!-- party templates for nomad minor factions (4) -->
  <MBPartyTemplate id="kingdom_hero_party_jawwal_template" >
    <stacks>
      <PartyTemplateStack min_value="2" max_value="2" troop="NPCCharacter.jawwal_tier_4_ete" />
      <PartyTemplateStack min_value="4" max_value="4" troop="NPCCharacter.jawwal_tier_3" />
      <PartyTemplateStack min_value="8" max_value="8" troop="NPCCharacter.jawwal_tier_2" />
      <PartyTemplateStack min_value="16" max_value="16" troop="NPCCharacter.jawwal_tier_1" />
    </stacks>
  </MBPartyTemplate>
  <MBPartyTemplate id="kingdom_hero_party_karakhuzaits_template" >
    <stacks>
       <PartyTemplateStack min_value="2" max_value="2" troop="NPCCharacter.karakhuzaits_tier_4_ete" />
      <PartyTemplateStack min_value="4" max_value="4" troop="NPCCharacter.karakhuzaits_tier_3" />
      <PartyTemplateStack min_value="8" max_value="8" troop="NPCCharacter.karakhuzaits_tier_2" />
      <PartyTemplateStack min_value="16" max_value="16" troop="NPCCharacter.karakhuzaits_tier_1" />
    </stacks>
  </MBPartyTemplate>
  <MBPartyTemplate id="kingdom_hero_party_forest_people_template" >
    <stacks>
      <PartyTemplateStack min_value="2" max_value="2" troop="NPCCharacter.forest_people_tier_4_ete" />
      <PartyTemplateStack min_value="4" max_value="4" troop="NPCCharacter.forest_people_tier_3" />
      <PartyTemplateStack min_value="8" max_value="8" troop="NPCCharacter.forest_people_tier_2" />
      <PartyTemplateStack min_value="16" max_value="16" troop="NPCCharacter.forest_people_tier_1" />
    </stacks>
  </MBPartyTemplate>
  <MBPartyTemplate id="kingdom_hero_party_eleftheroi_template" >
    <stacks>
      <PartyTemplateStack min_value="2" max_value="2" troop="NPCCharacter.eleftheroi_tier_4_ete" />
      <PartyTemplateStack min_value="4" max_value="4" troop="NPCCharacter.eleftheroi_tier_3" />
      <PartyTemplateStack min_value="8" max_value="8" troop="NPCCharacter.eleftheroi_tier_2" />
      <PartyTemplateStack min_value="16" max_value="16" troop="NPCCharacter.eleftheroi_tier_1" />
    </stacks>
  </MBPartyTemplate>
 <!-- party template for caravan ambush issue -->
  <MBPartyTemplate id="kingdom_hero_party_caravan_ambushers" >
    <stacks>
      <PartyTemplateStack min_value="8" max_value="8" troop="NPCCharacter.mounted_ransacker" />
      <PartyTemplateStack min_value="16" max_value="16" troop="NPCCharacter.mounted_pillager" />
    </stacks>
  </MBPartyTemplate>
 <!-- Vassal Reward Troops-->
  <MBPartyTemplate id="vassal_reward_troops_empire" >
    <stacks>
      <PartyTemplateStack min_value="6" max_value="6" troop="NPCCharacter.temple_priest_31_archer" />
    </stacks>
  </MBPartyTemplate>
  <MBPartyTemplate id="vassal_reward_troops_aserai" >
    <stacks>
      <PartyTemplateStack min_value="10" max_value="10" troop="NPCCharacter.atemple_priest_31_camel" />
    </stacks>
  </MBPartyTemplate>
  <MBPartyTemplate id="vassal_reward_troops_sturgia" >
    <stacks>
      <PartyTemplateStack min_value="12" max_value="12" troop="NPCCharacter.atemple_priest_31_varangians" />
    </stacks>
  </MBPartyTemplate>
  <MBPartyTemplate id="vassal_reward_troops_battania" >
    <stacks>
      <PartyTemplateStack min_value="6" max_value="6" troop="NPCCharacter.atemple_priest_31_fian" />
    </stacks>
  </MBPartyTemplate>
  <MBPartyTemplate id="vassal_reward_troops_vlandia" >
    <stacks>
      <PartyTemplateStack min_value="6" max_value="6" troop="NPCCharacter.temple_priest_31_archer" />
    </stacks>
  </MBPartyTemplate>
  <MBPartyTemplate id="vassal_reward_troops_khuzait" >
    <stacks>
      <PartyTemplateStack min_value="5" max_value="5" troop="NPCCharacter.atemple_priest_31_khans" />

    </stacks>
  </MBPartyTemplate>
</partyTemplates>