<?xml version="1.0" encoding="utf-8"?>
<Heroes>
 <!-- Main -->
  <Hero id="main_hero_father" faction="Faction.player_faction" spouse="Hero.main_hero_mother" text="{=rchero001}在掠袭者对他与家人所住的旅店袭击中机智地“啊”了一声后倒在血泊之中，趁掠袭者不备飞速换上战死的掠袭者的衣服而幸存了下来。作为成功傍上富家贵族小姐的他，出色的武技和最底层贵族的出身不值一提，嘴上功夫一点都不弱与喀戎的吹箫绝技，绰号“舌战莲花”，年纪轻轻就在大陆各地留下了诸多种子，谁曾想，这些子女成年后纷纷成为了卡拉迪亚霸主争夺战的关键人物，比如全大陆最瞩目的战神家族-凯尔特女战神三胞胎，等等。后来，他不禁仰天长叹当年帝国太过强大，不然他要是年轻15岁，必然可以联手阿思夺取天下。可惜，事后换来的是公主老婆的呵斥与跪蚂蚁的惩罚。" />
  <Hero id="main_hero_mother" father="Hero.lord_5_3_2" faction="Faction.player_faction" spouse="Hero.main_hero_father" text="{=rchero002}在掠袭者对她与家人所住的旅店袭击中不幸被擒，在回归藏身处的路上巧妙利用了一些计谋，把外衣送给其他女农民并帮助她们偷了马匹逃亡，劫匪微为了保住“大买卖”全体去追女农民，而暂时忽略了这个没有马的假 女农民，然后她又设计弄死了那个失去马匹的可怜掠袭者，钻入了存储东西的大缸内整整三天，直到确保匪徒们走远才终于逃出升天。作为皇室后裔的公主，拥有敏锐的政治嗅觉，力主作为家族族长的二儿子应该追求阿思，南北联合斯特阿塞莱，与父亲喀戎和兄弟斯特亚特对帝国进行分割，然后夺回旧领萨涅俄帕，与巴旦分享整个西帝国，还有北帝国的西部，最后再联合自己的双胞胎私生女，两个在瓦兰斯特呼风唤雨的宗教领袖，一起完成对卡拉迪亚大陆的分割。其野心之大，谋略之深，常常令丈夫噤若寒蝉，生怕哪天就永远都醒不过来了。" />
  <Hero id="lord_mother_1" father="Hero.lord_5_3_2" faction="Faction.player_faction" text="喀戎的嫡长子，主角的嫡亲小舅舅，皇室后裔。但是因为大战母亲死的早，从小缺乏教养终日混迹于黑帮与商队。主角母亲都很少与这个混子弟弟来往，怕他影响到自家的形象。但是主角小时候和这个舅舅关系很好，觉得舅舅很聪明能干又很善良，只是运气不好而已，曾经答应他长大以后要帮他一把甚至弄个领主给他当。但是那时候主角自己家还没封地，所以舅舅只是轻轻一笑。" />
 <!-- battania -->
  <Hero id="lord_mother_2" father="Hero.lord_5_3_2" faction="Faction.player_faction" text="传言喀戎与库赛特女奴的又一个著名私生子，能力出众，经历传奇，飞刀又快又准，传闻无人能与其一战，妙手空空堪称天下第一，与飞刀技能并称天下无双。平时神龙见首不见尾，身负数量奇多且输出爆炸的飞刀海，穿着从各国盗来的顶级装备，背负的全是那颜、伯克、波耶、执政官的人命，当然那都是一些特别出格的败类。主角虽然从小与他没有往来，但是得到小舅舅的大力举荐后招他出仕。" />
  <Hero id="lord_5_3_2" faction="Faction.clan_battania_4" text="享有“擅长吹排箫的唯美半人马”等许多绰号的大陆著名人物。祖上是帝国某任皇帝的小儿子，管理着厄诺依萨。家族逐步衰落后终于在帝国分裂时失去领地，与卢孔有着夺去领地的不共戴天之仇。嫡长女因为他四处播种恨死了他，15岁就外嫁出去拒不认父，因此加入了战神儿子斯图亚特所在的巴旦，期望拿下厄庇克洛忒亚、狄亚特马，并最终重回故乡成为萨涅俄帕的掌控者。他给自己的家族起了个别名“三地的掌控者”，巴旦贵族们纷纷在背后笑痛肚皮，但是迫于贝迪维尔的恐怖必须在表面上保持尊重。" />
  <Hero id="lord_5_14" father="Hero.lord_5_3_2" faction="Faction.clan_battania_4" />  <!-- 卢伊汉-->
  <Hero id="lord_5_90" father="Hero.lord_5_3_2" spouse="Hero.lord_5_14_1" faction="Faction.clan_battania_4" text="土生土长在巴旦的帝国皇室后裔。一个帝国人被视为巴旦本族人除了母亲的红发基因以外最主要的原因是他被称双璧之一的绝世无双统帅，“最智慧的谋神”。无数次挽救战局于即倒，他的名言是“战争是国家间残酷血腥的角力，而战役却充满智慧的魅力。”引来无数贵族男女的青睐，但是他却总是不冷不热地无视这些明示与暗示。据坊间小道消息，他可能是卢伊汉的同父异母兄弟，不过就算如此，丝毫不影响他的地位，他仍然是巴旦萝莉少妇师奶们的梦中情人。" />
  <Hero id="lord_B8_x" father="Hero.main_hero_father" faction="Faction.clan_battania_8" text="母亲难产死后三胞胎女婴无依无靠，随后被毛蕾阿斯收养。因为外表出众被从小培养，和斯图亚特关系特别好，也许因为都是弃婴的缘故把彼此当成亲兄妹。作为三胞胎中的老大，有着“无双枪姬”的美誉，追求者络绎不绝。传言在第一次上战场前的祭祀中被掌管战争与死亡的女战神茉莉安附体，随后在与北帝大战中连斩二十余人且全身而退，震惊了全大陆。随着斯特亚特复仇北帝的计划的逐步展开，“相信这位炙手可热的美少女将会成为舞台上最耀眼的花朵”，卡拉多格如是说。" />
  <Hero id="lord_B8_y" father="Hero.main_hero_father" faction="Faction.clan_battania_8" text="三胞胎中的老二，性格炸裂。与大姐擅长骑枪不同，她擅长使用长柄武器，所以被人传言在那场祭祀中被愤怒与恐怖女神玛查附体。在之后与瓦兰的对抗中，带领十余陷阵骑突入对面圆阵中重伤德泰尔和因加泰尔迫使瓦兰撤军，此役以微乎其微的代价粉碎了瓦兰精心谋划长达3年的阴谋，守住了家族城堡。“这是我见过的长柄逆刃刀玩的最好的人”，卡拉多格如是说。" />
  <Hero id="lord_B8_z" father="Hero.main_hero_father" spouse="Hero.lord_B8_c" faction="Faction.clan_battania_8" text="三胞胎中的老三，性格温和且持重，从小长袖善舞，擅长管理经营。18岁不到就嫁给古兰，并拉拢优秀贵族入赘和两位姐姐成婚，彻底稳定住了三姐妹在家族里的主导地位，她已经超越毛蕾阿斯成为家族幕后的实际掌控者。18岁第一次上战场表现出众。“如果不是巴德布的策应掩护，巴旦可能会死掉或被俘虏一半以上的贵族”，卡拉多格如是说。" />
  <Hero id="lord_B8_o" father="Hero.lord_2_1" spouse="Hero.lord_B8_y" faction="Faction.clan_battania_8" text="郎瓦德年轻时候的荒唐事，与侍女的私生子因此在家中地位极低。首次作战就因胆小而开了小差，被玛查轻松俘虏后，在三妹的巧妙设局后，疯狂爱上红发红披肩的愤怒女神。而后这对男女终是敌不过三妹的巧妙连环圈套，最终在毛蕾阿斯的充分肯定下被诱拐入赘到家族凯尔纳奇家族。不久后附近的农民每天都能从城堡传来打骂和哀嚎声，“看来娶一个性格爆裂的女神，估计活不过35岁”，周围的头人私下都这么说。" />
  <Hero id="lord_B8_t" father="Hero.lord_4_5" spouse="Hero.lord_B8_x" faction="Faction.clan_battania_8" text="作为殿军掩护主力撤退但是被马匹甩在地上摔断了一条腿，奋战上百回合终究不支被茉莉安力擒。三妹非常欣赏他的武力，以“侍从女儿的私生子果然比不过帝国皇帝后裔”深深刺痛了托兰德的最软弱的地方。最后以作为内应攻下杰屈朗为许诺让其入赘家族。恩泰里得知儿子背叛家族和国家以后怒不可遏，扬言要联合西帝瓜分巴旦。" />
  <Hero id="lord_B8_l" alive="false" spouse="Hero.lord_B8_s" faction="Faction.clan_battania_8" />
  <Hero id="lord_B8_s" alive="false" spouse="Hero.lord_B8_l" faction="Faction.clan_battania_8" />
  <Hero id="lord_5_3_4" spouse="Hero.lord_5_89" faction="Faction.clan_battania_2" text="身世颇耐人寻味，坊间小道传言很多" />
  <Hero id="lord_5_89" spouse="Hero.lord_5_3_4" faction="Faction.clan_battania_2" text="前任至高王乌瑟莱恩的双胞胎私生子，从小受到保皇派埃尔贡亲长子般的悉心培养。武力超群，优秀的骑枪技术和一张瓦兰某领主的脸让人瞬间明白他们的血统来自何处。从小练习步兵作战，是攻城的一把好手。“如果至高王只是脑子里面长满肌肉就行的话，那国家迟早会四分五裂被瓦兰灭亡。至高王应该让血缘后代中最优秀的人当。”野心勃勃的科林曾在竞技场败给他后如此评价他“这个人打仗比不过斯图亚特，打架又打不过弟弟肯德鲁，和卡捷琳娜比手腕就是个婴儿，如果我有男孩子的体格，我肯定比他强得多，更适合做至高王”。" />
  <Hero id="lord_5_3_3" faction="Faction.clan_battania_2" text="比哥哥更加勇猛冲动，受养父埃尔贡的影响，从小极度崇拜英雄，是个严格遵守骑士戒律的卫道士。他聪明善良又勇敢忠诚且慷慨，却丝毫不受巴旦贵妇少女的喜爱。相反，在瓦兰多地广泛流传着他的传说，比如13岁孤身杀死一头棕熊救下可怜的卖葡萄农家少女，然后把战利品送给了营养不良的村民。又比如16岁时偷偷上战场，混乱中杀死了撞倒在树下的瓦兰王室重骑，然后穿上他的重甲，骑上夏尔马又干倒了十几个瓦兰神弩手。分战利品时他却说荣誉属于至高王（至于他说的至高王是谁只有神知道），用特别强调的语气说“我是贵族”，不缺这些盔甲武器。把卖出这些超昂贵战利品的第纳尔均分给了战死勇士的家属。“这孩子真的是一个完美的人，我一直认为他才应该是双胞胎哥哥，埃尔贡肯定是搞错了。如果不是因为他是个混血巴旦人，他才应该是至高王。不过现在嘛，我看对面应该在教堂里给他塑个圣徒的像。”卡拉多格如此揶揄道。" />
  <!--卡捷琳娜-->
  <Hero id="lord_5_5_2" faction="Faction.clan_battania_3" text="“某个风雨交加的深夜，一个胆大包天的小贼偷偷溜进了王后的寝宫，8个月之后趁皇帝不在，王后催产出了一个红发的女婴，让雇佣兵连夜送到了红发的国度，扔在森林里面亲眼看到她被熊吃掉。是的，原本这个故事就应该如此结束，但是一个红发国度的领主大人救下了这个女婴，最终查清楚了这么离（八）奇（卦）的事。随着女婴长大，她的长相愈发让领主大人怀疑她的父亲是世仇家族的人，最终调查结果也确如他所料。出于私心，这个老头（王八）霸占了如花一般的少女，谁知道这个看上去人畜无害的少女不出一年就收服了整个家族的心，并且以主母的身份登上族长大位，手腕之强大一如后来成为女皇的她的母亲。哦，忘记说了，那个领主大人当然很配合地在这之前重病不起了。”吟游诗人如是说。" />
  <Hero id="rc_ba_lord_c1" father="Hero.main_hero_father" faction="Faction.clan_battania_3" text="“不折不扣的用下半身思维的动物，是女皇陛下的忠实舔狗”，这是领地内对宸冰的评价，要不是因为他会制弩，恐怕早就被卡捷琳娜的一众追求者打出去了。作为一个来历不明的混有瓦兰和库赛特多种文化的私生子，能爬到如今的地位，就算是拥有一定的才华，也少不了卡捷琳娜对他的赏识和提拔。母亲去世以后，宸冰从小跟随后爹，一个瓦兰的工匠做弩弓，恶劣的生存环境使他练就了超高的情商，小嘴摸了蜜是天赋技能。养父随军出征战死以后，机智的他就一路流浪到巴旦希望能把他的弩卖更高的价钱，谁知道差点被科林整死，逼着他说出制弩的秘密，吊了三天三夜。幸亏卡捷琳娜来串门，用几千第纳尔从科林那里赎回了他的命，高明的卡捷琳娜如同春风一般温暖了他的心，绝口不提制弩技术的事，只是好吃好喝让他养伤，还隔几天就召见他一次。不到一个月，这个小伙子的市侩心理防线就彻底崩溃了，如果见不到卡捷琳娜比死都难受，主动提出加入家族承担所有的弓弩制造，对此我们的“女皇陛下”假装后知后觉大喜过望，其实这些早都在她的掌控之中。" />
  <Hero id="rc_ba_lord_c2" father="Hero.lord_5_3_2" faction="Faction.clan_battania_3" text="那是她第一次领军出战,在北方的废墟中,铁卫与裂界造物展开残酷的厮杀。少女带领十余名兵士孤军深入，奋勇作战直到弹尽粮绝。紧急撤离的途中，恐怖的裂界幻影向她发起了突袭——致命的攻击被一名列兵舍身挡下,她甚至来不及看清救命恩人的面庞。葬礼的悠长号角声响起。年轻的戍卫官看出了少女的悲戚,来到她的身旁。「棺木是空的。我甚至来不及把他带回贝洛伯格....」「不要自责,布洛妮娅小姐。为你，为这座城市，这里的每个人都愿意做出同样的牺牲。」「...我真希望自己能和他互换位置。」「学会咽下这些沉重的念想，也是成为领袖的必经之路。」终于，决战的时刻来临了，残酷到底的血战之后，布洛妮娅上前准备给予最后一击时，裂界幻影BOSS施展了奥义大招与她同归于尽。当布洛妮娅醒来时，已经躺在卡捷琳娜的床上了，费了老大力气才搞明白穿越到了一个名叫巴旦尼亚的国家，并且被这个国家最强的家族领袖所救，从此以后，卡捷琳娜多了一个并肩作战的优秀统帅姐妹，当然了，姐妹也不仅仅是在战场上，在床上分享“甜品”时也是姐妹。" />
  <!--<Hero id="lord_5_5_1" faction="Faction.clan_battania_3" father="Hero.lord_5_5_2" mother="Hero.lord_5_6" />
  <Hero id="lord_5_9" father="Hero.lord_5_5_2" mother="Hero.lord_5_6" faction="Faction.clan_battania_3" />
  <Hero id="lord_5_91" father="Hero.lord_5_5_2" mother="Hero.lord_5_6" faction="Faction.clan_battania_3" />
  <Hero id="lord_5_12" father="Hero.lord_5_5_2" mother="Hero.lord_5_6" faction="Faction.clan_battania_3" />   -->
 <!-- aserai -->
  <!--都蔀芙-->
  <Hero id="aserai_lord_a1" faction="Faction.clan_aserai_8" text="绰号眼镜蛇、沙漠女苏丹，尼姆尔的妹妹。怒斥阿德拉姆不敢为尼姆尔复仇，毅然孤身带着尼姆尔的马穆鲁克卫队首领们出走。不光勾引了单纯的马穆鲁克部下为她效死，还嫁给了隔壁领地的领主乃至成为实际的家族掌权者。世人既敬佩她的勇气，又敬畏她的手段，都说沙漠里面如果有女苏丹那只可能是她。" />
  <!--阿普-->
  <Hero id="aserai_lord_a2" faction="Faction.clan_aserai_8" text="沙漠的第一战神，尼姆尔死的时候还很小，只是个普通的奴隶之子，但是无限崇拜尼姆尔。都蔀芙出走的时候跪在地上痛哭流涕求带走，发誓必为尼姆尔报仇。后来都蔀芙发现了他颇有将才，悉心培养成材后将其提拔为马穆鲁克首领，略施手段就让他成为最最忠心的部下。" />
  <!--哈迪--> 
  <Hero id="aserai_lord_a3" faction="Faction.clan_aserai_8" text="沙漠里武力最高的马穆鲁克，尼姆尔的马穆鲁克队长。老成持重，单人作战时勇猛无双，但是他认为战争六四开即是胜利，积小胜为大胜为宜，力求减少精锐马穆鲁克的战损。深知自己只是苏丹手里最锋利的弯刀，一直以尼姆尔忠实的卫队长自居，暗示都蔀芙自己只是奴隶，不敢逾越鸿沟。" />
  <!--Saahir沙赫尔-->
  <Hero id="aserai_lord_a4" faction="Faction.clan_aserai_8" text="沙漠里最危险的马穆鲁克，不仅擅长箭术武力超群，而且颇擅阴谋诡计，深为都蔀芙所忌惮，对他始终严加防范。作为老牌的马穆鲁克队长，在对抗南帝入侵时立下赫赫战功，他的野心是能成为埃米尔，拥有自己的领地，对于都蔀芙的刻意打压并不在意，一直向她表示永远只听从死去的尼姆尔和他妹妹的命令，永不变心，这才使他在家族中的形势转危为安并得到一定程度的重用。" />
  <!--Hider海德尔-->
  <Hero id="aserai_lord_a5" faction="Faction.clan_aserai_8" text="马穆鲁克新锐队长，从小就是尼姆尔的贴身侍从，颇受尼姆尔的信任与赏识。也是都蔀芙的卫队长，对家族忠心耿耿。经常冒死突入敌阵重伤甚至击杀敌方首领。都蔀芙一行人能离开家族全凭他的标枪威慑，面对族长阿德拉姆的紧逼，不仅大义凛然痛骂阿德拉姆对内强硬对外不敢为尼姆尔复仇，还威胁就算身死也要用手里的阿塞莱标枪击碎盾牌，送几个幸运的贵族下地狱。阿德拉姆迫于身死的风险，只能感叹后退兵。" />
  <!--Honey冯蜜-->
  <Hero id="aserai_lord_a6" faction="Faction.clan_aserai_7" text="来自东方的行商，与苏丹温吉德相谈甚欢，在推销商品的时候透露出了一些常人听不懂的东西，老狐狸温吉德瞬间意识到这是一个宝藏女孩，就用重金把她多留了几天细谈。虽然最后苏丹和埃米尔们还是没搞清楚小姑娘说的工程和经济理论，但是不明觉厉是每个人的本性，所以软硬兼施把小姑娘留在了沙漠，委以财政和工程大臣的重任和百万级第纳尔的薪水，并把整个西线的后勤都交给她打理。小姑娘很快就融入了阿塞莱，根据当地人喜欢吃蜜枣的风俗起了一个当地人都能理解的名字“冯蜜”，因为性格也柔软可爱，当地人给了她一个“冯蜜的小面包”的雅号。小姑娘不光精通攻城和财政，还经常搞出来些稀奇古怪的发明，比如可以改变眼球颜色，黑眼睛变成黄眼睛，黑发变成其它颜色，这些都让部落里的女子羡慕不已，要不是迫于她大臣和未来埃米尔的身份，好多普通战士头领都想娶她，是与都蔀芙一起成为最受埃米尔之子追捧的未婚妹子。唯一让人感觉怪怪的就是这妹子的体罚方式，做错事的士兵会被关进小黑屋，用一种大家从来没见过的捆绑方式鞭打，而且打了还不怎么疼，搞得埃米尔王子们也想进去尝一尝这种滋味，“这属实是一个很奇怪的小姑娘”大家评论到。" />
  <!--Gold Lay 赵鑫磊-->
  <Hero id="aserai_lord_a7" faction="Faction.clan_aserai_7" text="与主角从小一起长大的的发小，天性软糯可人，神还给了他一副好皮囊，所以经常装扮成妇女去完成任务。作为赏金榜前三的专业人士，已经无数次完成潜入主楼和地牢的任务，虽然这些任务通常见不得光，不是某些贵族在出征的时候派他回主楼探查配偶有没有在做环保帽子，要不就是去敌方地牢刺杀国王，总之在见识了欧贵圈的嘴脸之后，让鑫磊觉得天下人性莫过于此，东方，西方，都是天下乌鸦一般黑。常在河边走怎能不湿鞋，终于有一次被城主发现，本来完全有机会逃走的他，看到小面包的时候，瞬间抛弃了发小，转而投入了美女的麾下。从此以后，过上了能喝洗澡水的舔狗的幸福生活。" />
  <!--Gold Lay 姚鹏飞-->
  <Hero id="aserai_lord_a8" faction="Faction.clan_aserai_7" text="小面包的商队总管，据说来自某个大家族的公子，为了逃避追杀不得不背井离乡孑然一身。手无缚鸡之力的小面包商队能够安然活在世界上，全部仰仗的就是这个总管，每次他都能根据情况做出最正确的判断尽可能规避，实在迫不得已自卫时也总能以最小的代价打赢。所以小面包掌权以后马上把老部下留在了身边。之后的几次战役的起死回生确定了他首席阿塞莱首席军师的地位，经过温吉德和所有埃米尔的讨论，被委以代族长，暂时可以调动一个家族的资源，等到打下新城以后再分封为埃米尔。" />
 <!-- khuzait -->
  <!--Aisi阿思-->
  <Hero id="khuzait_lord_a1" father="Hero.dead_lord_6_2" faction="Faction.clan_khuzait_2" text="突剌格表妹与库吉特岁仑大那颜的私生女，墨速宜颇不待见这个黑瘦的小姑娘，被送回阿契特部，和阿巴该关系很好。岁仑战死后，库吉特部一落千丈，为了部族墨速宜不得不低声下气向突剌格示好，愿意将小姑娘作为大公主培养，并且按她个人的意愿寻找夫婿，位置高于亲生女儿雅娜，以此换取阿契特部的声援，掣肘巴鲁台特、贴克力特诸部。小姑娘回到库吉特部后改名阿思，意为思念死去的父母。苦难的童年让阿思变得懂得藏拙，表面上是和阿巴该一样的傻白甜，乃至库吉特部流行一句话“阿思能有什么坏心思”，实际上她暗地里苦练马弓却故意不在部族大赛夺魁。闲暇时坐在草原上一直憧憬能有个新兴的贵族和她一起白手起家打服整个卡拉迪亚大陆，她的马鞭所指之处都是自己家族的牧场。" />
  <Hero id="lord_6_3" spouse="Hero.lord_6_4" faction="Faction.clan_khuzait_2" />
  <Hero id="lord_6_4" spouse="Hero.lord_6_3" faction="Faction.clan_khuzait_2" text="{=ALtZaRzc}Mesui is leader of the Khergit. Once one of the largest clans in the Khuzait confederacy, they suffered many losses during Urkhun Khan's conquests and their lands were subsequently targeted by other tribes. Mesui has ruthlessly defended her clan's rights, and frequently complained about the injustices suffered by smaller clans that she says have shed blood for the khanate without reaping any rewards." />
  <!--库赛特老将--> 
  <Hero id="lord_6_5" father="Hero.dead_lord_6_3" faction="Faction.clan_khuzait_3" text="库赛特的最睿智的领主，为(八)人(面)圆(玲)滑(珑)处(老)事(奸)老(巨)道(猾)，他也不用受蒙楚格作为统治者的限制，只是安心为自己的部落谋划利益，是库赛特混得最好的领主。表妹被墨速宜赶回家后，安排表妹嫁给了一个蒙古医生，蒙医擅长刀枪伤和骨肉疾病等外科疾病。掌握了这项技术后，突剌格与蒙楚格和古速坎做了交易，收获巨大且巩固了同盟。大战结束后库吉特部落近乎崩溃，突剌格毫不犹豫以蒙医技术作为筹码让库吉特部培养表妹的女儿阿思将来继承库吉特部。知道此事后呼噜那格等其他领主气得跳脚，把能用的诅咒都骂了一个遍，尤其是过了几年阿思逐渐成年后，所有的领主暗地里都知道了阿思至少在武力战术上已经是草原第一的事实，将来如果让她继承了库吉特部，再让蒙楚格儿子察罕入赘，那库吉特部就将拥有4个部落强劲实力，后面会不会报当年的仇就会是这些当初落井下石的领主们天天要做噩梦的事了。" />
  <Hero id="lord_6_12" father="Hero.lord_6_5" faction="Faction.clan_khuzait_3" text="当之无愧的草原上的萨日朗，颇受草原第二美女雅娜的嫉妒（当然这是没把阿思算进去）。不仅人美武艺高强，心思也很特别单纯，颇受蒙医亲戚的影响，喜欢听他讲神秘东方的各种故事，特别是爱情故事。突剌格看着自己的儿女们不禁感叹蒙楚格后继有人，自己的儿子不争气，女儿虽然武艺不错但是丝毫没有一点当族长的天赋，不得不把希望寄托在了表妹女儿阿思身上。以突剌格蒙楚格等人的老辣又如何能看不出来阿思将来可能的野心呢，“那小妮子可不只是武艺高强这么简单，还有脑子，我觉得她迟早有一天会成为另一个国家的王后甚至是可汗，再看看你那傻白甜女儿，这就是我的命啊”突剌格向老婆抱怨道，看来找个蒙医做亲戚也是把双面刃，突剌格此时心中泛起一丝丝的悔意。"/>
 <!-- sturgia -->
  <!--斯特剑仙-->
  <Hero id="lord_2_18_5" father="Hero.lord_5_3_2" spouse="Hero.lord_2_18_6" faction="Faction.clan_sturgia_6" text="来自东方的飞剑小仙女，斯特民间广泛流传着她在百步之外就可以飞剑取劫匪性命的传说。实际上她是喀戎的女儿之一，从小在东方的门派内长大，所以习得的武艺和卡拉迪亚的完全不一样。原本不远万里是回来见姐姐的，未曾想姐姐已经离世，在得知姐姐有一对双胞胎私生女失踪于战火中后，义无反顾地满大陆寻找。功夫不负有心人，终于在西比尔找到了姐姐的女儿之一，并且毫不犹豫地只身打败所有守城侍卫，逼城主退位夺取了西比尔。在她的帮助与经营下，西比尔的家族一跃成为斯特最强悍的家族，并且给东线边境的戈敦提供了最强而有力的支援。唯一被人诟病的就是她那整天穿着女装的丈夫，不过因为他们夫妻俩一直为百姓做善事，也没人去关心这茬了，俗话说的好，吃人的嘴软，拿人的手短。" />
  <Hero id="lord_2_18_6" spouse="Hero.lord_2_18_5" faction="Faction.clan_sturgia_6" text="来自东方某门派的高手，据说练就了了不得的神功，抬手一飞刀甚至一根绣花针都能取人性命。颇好女装，喜欢穿着女装上街和打仗，不过所有人都忌惮他的武艺，只是私下里给他起了个“女战神”的诨名。在某次库赛特领主偷袭西比尔附近农村的时候，他只是一现身，抬手一飞刀就撂倒了带头冲锋的怯薛，库赛特的大军立马转身就跑得没影了，自此之后，再也没有人敢得罪这位“女战神”了。据坊间传闻，波耶们对他的身世经历都很好奇所以还花了金第纳尔去跟他的库赛特奴隶侍从打探消息。那个奴隶说，主人天天念叨的一句话就是“欲练神功，必先女装”，一时间斯特各地纷纷流传自家城堡内出现了女装大佬的传闻，但是在了解了女装的真正涵义以后，这股风潮迅速地戛然而止了，毕竟谁也不会和自己的命根子过不去，要是每个人都这么做，那恐怕就没有后代继承遗产了。" />
  <Hero id="lord_2_18_7" mother="Hero.main_hero_mother" spouse="Hero.lord_2_18_8" faction="Faction.clan_sturgia_6" text="降生之后因为亲生父亲已经失踪，所以被好心的头人收养，未曾想养父一家也在与库赛特洗劫部队抗争时战死。所幸被一个大胆的库赛特小战士拼命救下，并且在库赛特退军之后在村子里继续活下来，村民评论这两个小孩顽强得像小强一样的生命力的时候，何曾想到这个女婴是未来是能让所有斯特人需要下跪迎接的神的代言人呢。一饮一啄莫非天定，村民们的百家饭让这个女婴和库赛特小战士终于等到了强援，姨妈雪莱敏锐地感觉到了神殿文化对斯特大地的渗透，于是动用了各种手段当然主要是武力让这个小女孩成为了神殿在斯特的代言人，并且不承认北帝的牧首玛利亚是大牧首，声称海琳才是真正的大牧首。极端恶劣环境下顽强生存下来的海琳也没有让姨妈失望，很快就展现了远超朗瓦德的政治手腕，另外两个别人不能比拟的优势是绝世容貌和姨妈武力的支持，收服了西比尔附近的人心之后，在与本地教派的竞争中势如破竹，终于成为了斯特吉亚实际上最有权势的人，冕架所到之处无不是万民下跪迎接，很多波耶也成为了她的忠实崇拜者。" />
  <Hero id="lord_2_18_8" spouse="Hero.lord_2_18_7" faction="Faction.clan_sturgia_6" text="绰号“大聪明”的夏侯墩，是一个库赛特牧民的长子，12岁的时候因为父亲战死不得不参军来养活全家，因为傻乎乎却又经常想走捷径被人起了这么一个绰号。在一次参与洗劫斯特村庄的时候，看到了断壁残垣里的海琳，用他多年后的话来说就是被雷劈中了一样，也不知道哪里来的勇气和信念，决定要尽全力保护这个漂亮的女婴，为此还和一个达尔罕打了一架负了重伤，一路逃到深山里，最后依赖树皮和草药顽强地活下来。极其虚弱的他在冰天雪地里脱下衣服保护这个女婴，跪在村民面前乞求食物，感动了大家于是收留了这两个小孩。之后的十多年里夏侯墩学会了斯特语言，并且大家都觉得这个浑浑噩噩的库赛特小孩的确人如绰号，直到雪莱降临之后，大家终于明白谁才是真正的聪明，有时候一个看似愚蠢的决定真的能改变一个人的一辈子。另一个村民不敢泄露的秘密就是他和大牧首的情人关系了，当然了，只有本村的村民知道他们之间关系远远不止大牧首和守护骑士那么简单。" />
  <!--sturgia阿斯塔奥拉夫哈罗德-->
  <Hero id="strugia_lord_a1" faction="Faction.clan_sturgia_4" spouse="Hero.lord_2_9" text="和绰号“母猪”的丈夫不一样，阿斯塔可是实实在在的炸裂性格。丈夫就想守着一亩三分地老婆孩子热炕头，让她无法施展才华，丈夫死后跟随两个儿子去往前线寻找家族崛起的机会，采取了联姻的策略帮儿子们争取到了足够的支援，和斯瓦娜处得很好，可惜迫于种种压力，不得不和阿波拉涅娅联姻以换取更多的支持。战场上是一位不逊于男人的猛将，受到她的影响，瓦吉罗夫全家族的人似乎都提高了战意，尤其是身为族长的戈敦。库赛特人给她起了个母熊的绰号，原因是她能在马背上用双手斧把库赛特的重骑手一分为二，对于不用盾牌的库赛特骑射手来说是最恐怖的噩梦。" />
  <Hero id="strugia_lord_a2" mother="Hero.strugia_lord_a1" faction="Faction.clan_sturgia_3" text="前几任的斯特大公之后，是一位伟大的战士，为夺回领地而四处征战。当时戈敦面对库赛特咄咄逼人的攻势正感到山穷水尽之时，他和弟弟哈罗德加入了前线，一举扭转了战争的颓势，自此封神，绰号“厨师”。只不过这个厨师的食材并不是比亚里海肥美的鲑鱼肉，也不是吃了会让人血脉喷张的伊勒坦山脉的熊肉，而是库赛特战士的人肉。墨速宜数次想借他之手削弱呼鲁那格这些仇人，甚至派信使过去传话，不惜下嫁给他，条件是拿下巴鲁台特的封地后，再带领地叛变到库吉特家族与之成婚，这样即便是蒙楚格也无话可说。然后以库赛特的实力助他拿下瓦吉罗夫奥米多夫的领地易如反掌。之后他再凭借着足够的实力去争夺斯特大公的位置，而库吉特只需要2城2堡的领地即可。对于墨速宜的建议，奥拉夫沉默不语，先打发走了信使后在帐篷外站了整整数个小时。" />
  <Hero id="strugia_lord_a3" mother="Hero.strugia_lord_a1" faction="Faction.clan_sturgia_3" text="明显继承了母亲阿斯塔刚烈无畏的脾性，他从小就狂野不羁、野心勃勃，而且非常崇拜自己的同母异父的哥哥奥拉夫·哈尔拉德松。以哥哥的性格为人和战功，明显能够被教会封为圣徒圣奥拉夫，所以哈罗德为了超越哥哥也能成为圣哈罗德，苦练双手斧，带领着仅穿轻甲的破阵勇士们成为东部战线上唯一能够稍微抗衡被帝国超重具装军团的部队。他的主要对手“剑圣”玛特是这样评价他的“这是大陆之上唯一能跟我交手的令人敬畏的勇士，拥有无与伦比的双手武器技能，要不是每次都被他纠缠住，我每次战役都可以砍翻几十个瓦兰吉亲卫”。尽管被大公频频找茬，他先是被控诉玷污了一名贵族妇女的贞节，又是被举报私吞了超过他应得数量的战利品，瓦吉罗夫和奥米多夫家族都异常看好这个年轻人，决定与兄弟两联姻，帮助他们登上下任斯特大公的宝座，对于对他的指控，奥列克也没少出力去为他辩解澄清。" />
  <!--王静瑶--> 
  <Hero id="rc_strugia_lord_8_1" faction="Faction.clan_sturgia_8" text="据谣传是大公家族与东方人的女儿，被寄养在其他贵族的家中。天性烂漫，富有同情心，深受瓦兰年轻贵族们的偏爱，想私底下偷偷幽会这个死敌女儿的大有人在，是大陆西面的阿思，大家都说迟早她会被教会册封为圣徒。从三岁开始跟一个东方人俘虏学医，老师称赞她颇有天赋，可惜在老师去世以后就没有人继续教她，受限于帝国与斯特的紧张关系，又不愿意加入神殿继续深造医术，被人称为“神殿的走狗”，不得不弃医从武。十岁那年第一次参加骑马训练的时候，正好被郎瓦德撞见，但是没想到战鼓声惊了她骑的温顺母马，差点撞死一名瓦兰吉亲卫，郎瓦德鼻子都气歪了，命令她开始练习弓箭。据传郎瓦德花重金私下聘请了巴旦的英雄巴弓，八年后终于让这个邻家少女成长为大陆上屈指可数的长弓手，只要她站在战场上就是凛凛生威的英雄，所有的瓦兰圣骑士都不敢朝她冲锋。尽管如此，并没有减弱瓦兰贵族们对她的狂热，甚至不少还在等待赎金到位的年轻贵族俘虏，都私下贿赂守卫，想幽会这位性格可人的少女。对于这种事，族长和郎瓦德完全是两种态度，族长是只看谁给的彩礼多，郎瓦德则是秉持着肥水不流外人田的原则，但是最后都败给了这个小姑娘的可爱上，让人心疼地不得不尊重她自己的选择。" />
 <!-- NE -->
  <!--圣·约瑟夫 勋章骑团团长-->
  <Hero id="rc_lord_1_a10" faction="Faction.clan_empire_north_1" text="约瑟夫是麻风病人院的守护骑士，因为元老院的无能和短视使帝国遭到拆分，他感到无比心痛，一直心心念念要恢复帝国昔日的荣光。但是洪诺留主张的政教合一的神殿国家也不是约瑟夫的选择，因为即便是神殿当家做主，依然会有大量的分封存在，国家无论如何都无法在双重剥削的重压下同时面对东西北三个方向的围攻。所以约瑟夫的理想是，国家只能有一个领导者，减少对农民的剥削，将骑士团改制为仅服从于这个领导者的职业军队，把每一个第纳尔都用来完成反征服与征服。对于他的这种想法，首先遭到的不是元老院的制裁，而是加里俄斯这些已经拥有封地的军阀的反对，加里俄斯痛批约瑟夫是不懂军事政治的婴儿，没有分封的贵族领主，哪里来的骑士出征，怎么向农民收租。约瑟夫反驳道，对于军阀来说，他们已经是既得利益者，谁是国王或者皇帝或者宗教领袖他们并不关心，但是如果谁要没收他们的领地，他们可真的要去拼命了。勋章骑士团虽然战力彪炳，但是苦于没有领地，实力一直受到限制，以至于约瑟夫一度生起了入赘豪门获取贵妇支持的念头，不过整个帝国境内并没有这种豪门，相反的，卡捷琳娜和都蔀芙都表示对约瑟夫有相当兴趣，可惜入赘异国乃至敌国都是不能被骑士团接受的。约瑟夫本来寄希望与诸葛芝彦，不过当即遭到了诸葛的一口回绝，虽然诸葛芝彦也是力挺皇权独大，但是她并不认为这个世界还需要神殿来掣肘她，而且诸葛芝彦的计划是先统一帝国，之后摧毁巴旦吞并瓦兰，最后与斯特和库赛特决战决胜，对有着浓厚神殿背景的骑士团相当排斥。" />
  <Hero id="rc_lord_1_a12" faction="Faction.clan_empire_north_1" father="Hero.lord_1_1" text="“军祭酒郭嘉，自从征伐，十有一年。每有大议，临敌制变。臣策未决，嘉辄成之。平定天下，谋功为高。不幸短命，事业未终。追思嘉勋，实不可忘。可增邑八百户，并前千户”(《三国志·魏书·郭嘉传》)。于是上表谥郭嘉为贞侯，其子郭奕嗣。焉知奉孝穿越至卡拉迪亚大陆，十胜十败风云再起......" />
  <!--圣·吉尔加拉德 医院骑士团-->
  <Hero id="rc_lord_1_a11" faction="Faction.clan_empire_north_5" text="受到了悲天悯人的大牧首的感召，投身于救死扶伤的神圣事业中，很快凭借着大量志同道合的骑士的聚集，成立了自己的骑士团。对外是神殿抵御外族的尖刀，对内保护着自己领地内的百姓，被尊称为圣·约翰。与主要势力集中在北帝中部的元老院时常发生激烈的冲突，于是决定打下马凯布和乌赛克堡作为自己的领地，但是无论是西部的皇权独裁派系，还是中部的元老院派系，每次总是在军团作战中掉链子，不是迟迟不增援就是作战不力，而玛利亚又需要面对斯特、库赛特与南帝三线作战无暇顾及，所以约翰每次偷袭库赛特都是无功而返。随着羽加入南帝国后，事情发生了重大转机，从一个被截击身死的羽的贴身骑士的行囊中，找到了一份草拟的议案，就是约翰与羽平分整个大半个南帝国的靠东面的部分，从密泽亚到达努斯提卡。几经高价转卖后，这个秘密已经被数个国王知晓，其中对其明确表态支持的就是加里俄斯，拉盖娅只是悄悄地加强了自己的警卫，而更保守的皇权派的狮鹫骑士团则迅速与元老院达成了攻守同盟，大有卢孔一死就要与神殿决一死战的架势。" />
  <!--玛利亚四圣徒-->
  <Hero id="lord_1_a1" faction="Faction.clan_empire_north_4" spouse="Hero.lord_1_20" text="先皇阿雷尼科斯的私生子妹妹，善良貌美，从小就是父亲的掌上明珠，帝国之花，13岁那年父亲死后，被擅忌的嫂子拉盖娅扫地出门。本来想去投靠父亲的老部下，却不幸遭遇墨斯特里卡洛斯家族的俄洛斯的毒手，后产下一子，这个孩子也成为了她人生乃至整个大陆陷入无底深渊的根源。来到北帝领地后，被印珀斯托雷斯的恩库里翁看上，但是摄于死忠圣徒们的守护一直未能得手，反而因为主母的身份将族长大位抢了过来，从此以后玛利亚赈济灾民就有了稳定的财源支持。高超的医术加上她至善的人格魅力使她获得了“圣母玛利亚派来人间行走的圣灵”的美誉，所到之处百姓无不跪地俯首称颂。只要有她在，普通士兵都能1个打3个，更别提狂信徒和裁判所的精锐了。她原本已经宽恕了俄洛斯，没想到他残虐成性的儿子亚历山大在裁判所所长洪诺留的支持下，执意要拿俄洛斯开刀，处决一半以上的帝国贵族，然后建立一个不分种族统一大陆的神权国家，这也成为整个大陆未来大变局的根本原因。" />
  <Hero id="lord_1_a2" faction="Faction.clan_empire_north_4" text="四圣徒之首，乡下头人的小女儿，从小娇生惯养，随心所欲，长大后抗婚出逃。遇到玛利亚后皈依，成为四大圣徒之首，是军团指挥的不二人选，闲庭信步中微笑着将敌人不流血毙于杖下是她最擅长的事。精于后勤调度，利用手中的资源救助尽可能多的平民，为此经常与恩库里恩发生争吵“更多的子民才能创造更多的财富，你难道比我更了解乡下的情况？”她总是这样反问道，因此在民间有着玛利亚代言人的美誉。同时，迪妮莎异常反对玛利亚儿子亚历山大和裁判所所长洪诺留建立神国的计划， 认为这将使整个大陆陷于战乱，随着工匠大量死亡，人类社会倒退几百上千年。迪妮莎多情，休战时也喜欢寻欢作乐，这是她不敢和洪诺留彻底翻脸的软肋。据一个见习骑士无意间听到洪诺留与亚历山大的谈话说，迪妮莎领养的3个孩子是她跟3个圣骑士所生，幸亏那些圣骑士们已经在历次大战中战死，不然都不知道该如何保全她的名声。" />
  <Hero id="lord_1_a3" faction="Faction.clan_empire_north_4" text="四圣徒之一，恐怖的玛特自称是流落到神秘东方的查理玛特的后裔，大陆公认的剑圣。她对西方骑士精神的解释是“真正的骑士精神就是背后偷袭、以多欺少、杀人放火、无恶不作”。直到她遇到玛利亚之后才发现原来人性是不分种族的，每个种族都有好人坏人，都有圣人，于是投入玛利亚麾下成为军团中最锐利的刀锋。不过对于借着讨伐帝国名义烧杀捋掠平民的雇佣军她毫不手软，被她劈成两段吊在树上的雇佣兵没有一万也得有八千。她每次都向玛利亚忏悔，但是一转身确是如此向手下解释这么做的意义“我以前总是觉得以暴制暴是唯一出路，但是玛利亚教我这是错的。后来我发现以暴制暴只能对付劫匪响马，对于武装到牙齿的精锐具装骑士我们是无能为力的。所以为了实现玛利亚的愿望，我们必须以战止战，把所有违反真正骑士精神的贵族和骑士，尤其是那些雇佣兵剁成很多块吊在树上以儆效尤”。" />
  <Hero id="lord_1_a4" faction="Faction.clan_empire_north_4" text="四圣徒之一，出身医生世家，技术精湛，心地善良。在北帝境内受到百姓的爱戴与贵族的尊重，有极高的声誉，为了救助更多的人，加入了玛利亚的军团。在一次与库赛特的战役后，她同时治疗救助了库赛特的重伤濒死的士兵，从而也得到了库赛特全体的尊重，蒙楚格特地派阿巴该来当说客，请她去库塞特为蒙楚格效劳，但是被她以不是一个信仰而拒绝。不管如何，最后他还是无法拒绝阿巴该这样一个单纯感性的妹子的邀请，去库塞特行医半年，她在马凯布和柴坎坐诊的时候，骑马来的牧民从城里一直排队到城外十里，队伍规模蔚为壮观。离去时，上万牧民为她送行，百户以上那颜几百人将她安全护送至北帝境内交接给前来护卫的精锐具装骑兵团。" />
  <Hero id="lord_1_a5" faction="Faction.clan_empire_north_4" text="四圣徒之末，阿塞莱车夫和一个帝国老妓女的女儿，出生后没几年车夫被帝国军队杀死了，母亲也因为失去经济来源，贫困交加死去，被善良的玛利亚小公主收留养大，名为贴身侍女，实际上待她如亲妹妹。后来跟随玛利亚一路北上，为了保护公主，年幼体弱的她苦练弓术马术，终于成为名副其实的帝国第一骑射手。就连最为宽厚的卢孔，在得知自己的将领竟有这么离谱的出身的时候，都禁不住想去找玛利亚喝茶谈心。当卢孔带着几位贵族族长来到安普雷拉时候，正巧佩蒂在训练弓箭手，只见她一箭就准确射穿200码开外的一个步兵头盔后，所有的人开始和玛利亚东拉西扯今天天气怎么样，能不能钓点鱼，开点葡萄酒之类的闲话，完全忘记了来这里的目的。" />  
  <!--裁判所-->
  <Hero id="lord_1_a7" mother="Hero.lord_1_a1" faction="Faction.clan_empire_north_6" text="“如果未来他继承大位的话，那全大陆所有的国王加起来都没有他残暴”四圣徒如是评价。感念于玛利亚的恩情与自己各方面的软肋，不是外族血统就是出身不够资格，四圣徒自知无法制衡亚历山大和洪诺留，便将他禁足在城堡内不让他与大众见面，以免削弱玛利亚和教会的威望。没想到这孩子自此以后收敛了很多，不再闯祸，也不再招惹修女和其他女贵族，终日在城堡里研习教义，一时间让四圣徒感觉是不是他换了个替身，真人早已跑出城了，为了验证真伪，几乎每天都要扒裤子看胎记问他小时候的问题云云。直到他和洪诺留强行压服了北帝第一战神尼卡索尔，豪夺厄毗诺萨堡以后才让全大陆贵族意识此子恐怖如斯，也拉开了神权反攻王权、步步进逼的大幕。" />
  <Hero id="lord_1_a6" faction="Faction.clan_empire_north_6" text="老皇帝的手下，迎回玛利亚后，制服了恩库里翁和其家族，霸占了安普雷拉，奉玛利亚为教宗。之后一手建立了宗教裁判所，消灭一切反对自己的人和异教徒。他的信仰就是整个卡拉迪亚只有一个教会，没有国王，只需要少量的贵族，军队只服从于教会，一切的一切都应该围绕教会来转。洪诺留掌握了大陆最顶级的军团，这个军团拥有超越所有国家的武技、武器、防具和马匹，且都是狂信徒悍不畏死。正因此所有国家不得不掂量自己的实力是不是足够强大到对抗洪诺留的狂信徒军团，不敢主动招惹他。洪诺留为了达到目的，他处心积虑从小培养玛利亚那个被强暴后生下的儿子亚历山大，亚历山大也不负他所望，两人决定等待时机成熟后，冲破其他圣徒的阻力，先建立一个统一的新帝国，然后与瓦兰合并，消灭所有蛮族。" />
  <Hero id="lord_1_a9" faction="Faction.clan_empire_north_6" text="继承了母亲的遗传基因，北帝国第一美女。唯一让她夜不能寐的是隔壁库吉特领地的阿思出落得越来越水灵，乃至斯特的战神兄弟把“飞奔吧阿思”的字样刻在他们的战斧上。据坊间小道消息，北到大陆第一商人艾卜、南到南帝国新晋权贵沃尔布加都对阿思垂涎三尺，甚至未来的教宗亚历山大大人和四圣徒都对阿思武技与聪慧赞不绝口，所以密涅瓦心心念念的就是找到一条捷径，能够超越阿思成为大陆第一美女，如果能像拉盖娅那样成为女帝那就更好不过了。" />
  <!--劫匪-->
  <Hero id="lord_1_a12" spouse="Hero.lord_1_58" faction="Faction.clan_empire_north_7" text="“勇武过人具体身份来历不详，只知道他是库赛特南部，阿塞莱东部，南帝国南部广袤领土上的黑道扛把子。就连拉盖娅都被他打劫过，围住拉盖娅的车队放火，声称不把珠宝交出来就要活活烧死女皇。交出宝物后，扬长而去，女皇也无法对其追责。后来被约律格斯领主说服成为了北帝国南部军团的先锋，卢孔亲自委以重任，承诺给予他大力支援，以后还要把达努斯提卡和侯森封给他，代价则是为北帝打下小半个南帝国东部，俄洛斯及其周边云云。" />
  <!--商人-->
  <Hero id="lord_1_a8" father="Hero.lord_3_2" faction="Faction.clan_empire_north_5" text="温吉德的私生子，未来大陆大变局的导火索，全大陆粮食大饥荒始作俑者。由于他在卡拉迪亚各国囤积了大量的粮食，可以操控各地的粮价，但是他并不满足于此。首先他捐了上百万第纳尔问卢孔要了个贵族身份，然后他将额外利润分润给黑帮一小部分，从而和所有城镇的黑帮建立了良好关系，对贵族则采用了棍子加胡萝卜策略，配合他的贵族和国家打仗时不再缺量，虽然那价格会让人有一点点小“感动“，如果不配合他的话，那你这仗也别打了，敌人一围城部队就先全饿死了。据坊间小道消息，装备的买卖价格差3倍就是他暗地里捣鼓出来的规则，需要装备的贵族们对他的评价是“艾卜拥有的财富足够买下半个帝国，他是魔鬼，就不应该是帝国贵族，也不应该让他滚回阿塞莱，应该让他下地狱”，但是同时又对他无可奈何。" />
 <!-- SE -->
  <!--神父-->
  <Hero id="lord_1_a10" faction="Faction.clan_empire_south_8" text="真正的虔诚者，他决心让神的荣光照耀到卡拉迪亚每一个乡村，旅行传教途中偶遇拉盖亚女皇二者相谈甚欢，他们从民生聊到了帝国统一，杰姆斯说“我不能停下来还有更多人们需要我主的拯救”，拉盖亚说“那这份拯救是否可以从我的领地开始呢？”傍晚时拉盖亚正式邀请杰姆斯去吕卡隆传教，杰姆斯落脚吕卡隆后他并未着急肃清其余教派人员而是帮助穷苦人们和无法得到教育的孩童，他走在街道上大声说到”凡劳苦担重担的人，可以到我这里来，我就安慰你们“慢慢地人们知道了吕卡隆有个叫杰姆斯的司祭，人们认为神可以拯救他们。对于这些说法杰姆斯说：“你们祈求，就给你们；寻找，你就会找到；叩门，就给你开门。因为凡祈求的，就得着。寻找的人就会找到；叩门的，就给他开门”。" />
  <Hero id="lord_1_a11" father="Hero.lord_1_7" spouse="Hero.lord_SE9_c2" faction="Faction.clan_empire_south_9" text="加里俄斯大醉和侍女玛丽莲所生，他出生当天其母便被文得利娅带走准备处以绞刑，加里俄斯得知后让文得利娅饶了玛丽亚一命，但文得利娅将玛丽亚贬为奴隶不得与沃尔布加相认，去打扫马厩清洗盔甲，沃尔布加不到8岁就活活被累死了。沃尔布加从来没见过他的亲生母亲也不让和他的父亲加里俄斯见面，他只有涅俄科律斯的一间小破屋，一直靠着其好心的军官带来的微薄的第纳尔勉强度日；他最喜欢去的地方是村里的教堂，破败的教堂只有一个年老的辅祭他教会了沃尔布加读书写字，辅祭有个上锁的房间里面有很多好看的书，书里有男人女人衣不蔽体的在打架，书的最后一页写道”金钱和权力你让你获得世间的一切“；在他17岁时老辅祭过世了之后教堂便由沃尔布加主持，得知了南帝国的杰姆斯作为后，他决心利用教会复仇文得利娅，变卖了一切后雇佣了一伙金盆洗手的强盗便去到了南帝国。" />
  <Hero id="rc_se_lord_a1" father="Hero.lord_5_3_2" faction="Faction.clan_empire_south_9" text="据说是来自东方司马家的后裔，举世无双的谋臣。多年来喀戎背后的金主就是来自于司马家族，因为司马家族的这个优秀后人是喀戎的儿子之一，所以司马家族决定执行狡兔三窟之策，派他入驻卡拉迪亚大陆谋求新的生存空间。带领家族几十亲兵初次登陆卡拉迪亚大陆就在三天内连续挫败一群劫匪，上百人的雇佣兵和四百多人的南帝国军团，拉盖娅大惊失色，主动前去迎接以表误会，并且承诺封他做南帝国的统帅才将事态平息下来。半年后此事被卡拉多格知晓，捶胸顿足“要不是被拉盖娅这个**截了胡，巴旦就拥有全大陆一半以上最强的统帅，这小子联手斯特亚特和卡特琳娜就可以推平卡拉迪亚了！”。事实证明卡拉多所言非虚，很快这个东方小子凭借着制衡之术让南帝国不费一兵一卒就与邻国停战，然后转而仅带了两百余名新组建的女骑弩队，转战阿塞莱斩首两千余。人们还没回过神来，他又指挥两千人的军团，步步为营，以个位数的战死人数，打下阿塞莱的城镇，让人认识到了来自东方的兵法的厉害之处。风林火山的孙子兵法很快就名扬大陆，受到了玛利亚大牧首的圣徒册封，并被赐名“荣光·羽”，和兄长斯特亚特被尊称卡拉迪亚双子星，与卡捷琳娜、诸葛芝彦、迪妮莎等人并称大陆顶尖的统帅。自打册封以后，拉盖娅远远打发他去了北方，并且加强了和两个红衣大主教的联盟，不带两百精锐具装绝不出门。" />
 <!-- WE --> 
  <Hero id="rc_we_lord_a1" faction="Faction.clan_empire_west_7" text="来自东方的流亡贵族的后代，据说是非常著名的家族的后人。被收养后原本并没得到重视，但是从小就显露出异于常人的智慧，于是各军阀纷纷加入了天才争夺战，为了她寻找最好的老师，希望成年后能将她娶入家族。出人意料的是被养父这个老狐狸摆了一道，对每个家族都私下暗示很看好联姻，等到少女成年后恢复了她随身玉佩上的本名“诸葛芝彦”，以示她的婚姻独立性，更狠的是直接让出了族长之位，“我是个没用的人，家里所有人都叫我让出族长了，族长的婚姻得找她自己去说，啊...我以前可没骗你啊！我那时候是真心看好你家小子的，呃...我有点肚子疼，我先走开一下哈”。气得所有的军阀家族大骂他老阴屄，以前的资源都打了水漂，白白为别人家培养了如此优秀的族长。芝彦从12岁就开始跟随加里俄斯上战场，十多年时间一晃过去了，“她已经成长为帝国最强的统帅了，整个大陆唯一能和斯图亚特的巴弓陷阵骑抗衡的只有她的弩手大军团了”加里俄斯如是评价道。" />
  <Hero id="rc_we_lord_a2" faction="Faction.clan_empire_west_7" text="姐姐的光芒丝毫不能掩盖妹妹异于常人的天赋，被加里俄斯评价为全大陆最好的将领和弩骑士。从10岁开始就组织平民家的女孩子，训练她们练习长剑、短标枪和弩。并在几年后首次让这个未成年女团踏上战场时，成功狙杀了敌方的大半逃兵和主将，一时间声名大噪，成为帝国各家族争相效仿的对象。成年后在一次与巴旦主力军团的决战时，全靠她的女弩团断后，才让西帝国溃逃的败兵保住了性命。如果说姐姐芝彦是帝国最强统帅的话，那妹妹皖卿就是全帝国最强的将领，最擅长的战术就是女神弩正面吸引进攻，然后弩骑士从敌方兵线背后发起致命的弩箭雨，等弩箭射完后继续收割溃逃的敌兵。以至于敌人谈“诸葛”就变色的地步，吓唬小孩子就说“诸葛来了！”。唯一让这个美少女耿耿于怀的事就是小时候骑马摔伤了肘关节，让她不能成为骑枪高手，只能苦练单手长剑。没想到不能冲在最前线这件事反而让这个美少女从小就精于战术，撇开她的神弩术不谈，哪怕她只是发号施令都足以让她的分队摧枯拉朽。" />
  <Hero id="rc_we_lord_a3" faction="Faction.clan_empire_west_7" text="诸葛姐妹的女护卫的后代，虽然只是一个女孩子，但是继承了母亲的优秀基因，不光身体条件出众，而且学任何武技都是手到擒来。20出头的她就已经收获无数竞技场冠军头衔，与卡拉多格齐名被并称为全大陆武技最出色的人。由她带领的步兵线和步弩兵是芝彦军团取得胜利的基石。小姑娘一直很怀念母亲，因为在护卫芝彦时受了重伤，在她不到15岁时就过世了。所以暗自等待机会，希望终有一天能够率领军团打回东方，顺路夷平落井下石的库赛特诸部。诸葛芝彦怎么能不了解这个妹妹一样的贴身侍卫的心思，奈何西有巴旦，还被斯特阿塞莱南北帝国包围。首先要做的就是必须成为西帝国国王，然后压服神殿让其为己用，才能统一帝国。因为加里俄斯愿意臣服成为神殿走狗的政治主张，冰璃曾多次自荐暗杀加里俄斯，只是芝彦坚决不同意，一来不愿意她为此丧命，二来不愿意诛杀对自己有恩情的恩人。" />
 <!-- vlandia -->
  <Hero id="lord_V11_x" faction="Faction.clan_vlandia_11" text="狮鹫骑士团大团长，奉命出征，经过激烈战斗后骑士团几乎损失殆尽，幸而对方也力竭要求停战，遂签订了五年的停战协议。在回国路上先是遭遇了风暴坐船沉没，化妆潜行陆行时又被其它国家的仇人君主抓获，并课以不可能拿得出来的赎金。经过多国斡旋后，终于被免除砍头的命运，但是莱恩明白只要交不出赎金，不出一年就会被折磨至死。峰回路转的是，守卫队长的儿子是莱恩的粉丝，悄悄给了莱恩工具让他深夜逃跑，并且第二天一早正当全城搜捕的时候，莱恩已经骑着马带着足够的船资踏上归家之路了。但是，谁曾想风暴又一次亲吻了莱恩的坐船，好在有了第一次经验以后莱恩把自己绑在木头上最终倒在了沙拉斯的沙滩上。当地人对于这个老外抱着相当的警惕心不敢搭救，幸而被索菲路过遇到，通过手上的老茧和体型，索菲轻而易举地就判断出来这是个高阶骑士，之后她的演出也是相当成功，让莱恩对她感恩戴德，由于归家路途实在太过遥远，又要报答索菲的救命之恩，所以莱恩决定暂时留在于桑克堡帮助索菲拿下半个以上的瓦兰再考虑归国的事。" />
  <Hero id="lord_V11_y" mother="Hero.main_hero_mother" spouse="Hero.lord_V11_z" faction="Faction.clan_vlandia_11" text="天使般的脸庞与慷慨，是索菲给信徒们的印象，其实骨子里这是一个极其危险致命的女政治家，直到她自称教皇以后大家才认识到这个女人的高明与决断。从小一直生活在白寿丞大哥般的呵护下长大，虽然生存环境很一般，但是小女孩异于常人的情商让她获得了所有人的喜爱，当然了，最主要的是打动了神殿的修女。她接近神殿高层的目的可不仅仅是学习知识与武技，而是和白寿丞搭档拿下瓦兰神殿教权到军权，在玛利亚率领的北帝国神殿支持下，全大陆各地的神殿如火如荼地加强了传教。年仅13岁的她很善于利用自己还不是正式修女的身份，犹如穿着平民白色长裙的天使一样用美貌和圣洁赢取了所有人的心，经过8年的努力以后从沙拉斯到于桑克遍布了她的信徒，拥有上千随时等待她征召的战士后，索菲毅然自称为神殿的教皇，不惜与北帝国神殿总殿割裂，跟双胞胎姐妹海琳一起挑战玛利亚，加入了神殿话事人的竞争。玛利亚只是用祷告来回应这两个小丫头的挑战，洪诺留和亚历山大对此事怒不可遏，虽然想攻击她跟白寿丞的情人关系，但是碍于这也是自家的软肋不得不作罢，同时又不得不谋划新的对策拉拢斯特瓦兰的神殿，保证神殿能统一大陆。" />
  <Hero id="lord_V11_z" spouse="Hero.lord_V11_y" faction="Faction.clan_vlandia_11" text="在未来的赫赫大名的骑士团的创始人的先祖，是瓦兰迪亚的神殿骑士侍从，跟随圣骑士和神父一起去斯特传教，没想到仅有他一个人在与洗劫西比尔的库赛特大军作战中活下来了。从小机智的他，用最快速度扒了大量的战利品，藏在隐蔽的地方，在这时看到有个漂亮的女婴在地上爬， 原本不愿多管闲事的他，被女婴的容貌打动，咬牙救下女婴，并且在之后慢慢把战利品全部兑换成第纳尔。在攒足了足够两人生活几十年的钱财后，他带着只有3岁的索菲回到了瓦兰，未来的岁月中，这个小孩用自己微薄的收入将女婴抚养成人，给了她力所能及的最好的教育也包括赶走任何敢觊觎索菲美貌的豺狼。在成为瓦兰首席圣骑士之后逐渐掌握了瓦兰的神殿教廷，一手把索菲抬上教皇的宝座。令他没有想到的是玛利亚洪诺留等人让神殿变成大陆屈一指的政治军事力量，瓦兰的神殿也因此水涨船高，再也不是任人欺辱的小庙了，在得到玛利亚的支持后摇身成为左右瓦兰政局的关键力量。" />
</Heroes>
