﻿<?xml version="1.0" encoding="utf-8"?>
<ItemModifiers>
  <!-- Swords -->
  <ItemModifier modifier_group="ItemModifierGroup.sword"
                id="legendary_sword"
                name="{=*}Legendary {ITEMNAME}"
                loot_drop_score="40"
                production_drop_score="80"
                damage="7"
                speed="3"
                price_factor="1.8"
                quality ="legendary" />
  <ItemModifier modifier_group="ItemModifierGroup.sword"
                id="masterwork_sword"
                name="{=8Tal0XIj}Masterwork {ITEMNAME}"
                loot_drop_score="1"
                production_drop_score="1"
                damage="5"
                speed="2"
                price_factor="1.5"
                quality ="masterwork" />
  <ItemModifier modifier_group="ItemModifierGroup.sword"
                id="balanced_sword"
                name="{=fdgcpipH}Balanced {ITEMNAME}"
                loot_drop_score="1"
                production_drop_score="1"
                damage="3"
                speed="1"
                price_factor="1.2"
                quality ="fine" />
  <ItemModifier modifier_group="ItemModifierGroup.sword"
                id="dull_sword"
                name="{=LmzHz4CG}Dull {ITEMNAME}"
                loot_drop_score="1"
                production_drop_score="1"
                damage="-10"
                speed="-10"
                price_factor="0.6"
                quality ="inferior" />
  <ItemModifier modifier_group="ItemModifierGroup.sword"
                id="rusty_sword"
                name="{=l7QEpVwU}Rusty {ITEMNAME}"
                loot_drop_score="1"
                production_drop_score="1"
                damage="-15"
                speed="-5"
                price_factor="0.3"
                quality ="poor" />
  <!-- Bows -->
  <ItemModifier modifier_group="ItemModifierGroup.bow"
                id="legendary_bow"
                name="{=*}Legendary {ITEMNAME}"
                loot_drop_score="40"
                production_drop_score="80"
                damage="7"
                speed="4"
                missile_speed="4"
                price_factor="1.8"
                quality ="legendary" />  
  <ItemModifier modifier_group="ItemModifierGroup.bow"
                id="masterwork_bow"
                name="{=8Tal0XIj}Masterwork {ITEMNAME}"
                loot_drop_score="1"
                production_drop_score="1"
                damage="5"
                speed="3"
                missile_speed="3"
                price_factor="1.5" 
                quality ="masterwork" />
  <ItemModifier modifier_group="ItemModifierGroup.bow"
                id="balanced_bow"
                name="{=fdgcpipH}Balanced {ITEMNAME}"
                loot_drop_score="1"
                production_drop_score="1"
                damage="1"
                speed="2"
                missile_speed="2"
                price_factor="1.2"
                quality ="fine" />
  <ItemModifier modifier_group="ItemModifierGroup.bow"
                id="cracked_bow"
                name="{=br0N6SSH}Cracked {ITEMNAME}"
                loot_drop_score="1"
                production_drop_score="1"
                damage="-8"
                speed="-4"
                missile_speed="-6"
                price_factor="0.6"
                quality ="inferior" />
  <ItemModifier modifier_group="ItemModifierGroup.bow"
                id="splintered_bow"
                name="{=8Pd6fLoy}Splintered {ITEMNAME}"
                loot_drop_score="1"
                production_drop_score="1"
                damage="-15"
                speed="-2"
                missile_speed="0"
                price_factor="0.3"
                quality ="poor" />
  <!-- Crossbows -->
  <ItemModifier modifier_group="ItemModifierGroup.crossbow"
                id="legendary_crossbow"
                name="{=*}Legendary {ITEMNAME}"
                loot_drop_score="40"
                production_drop_score="80"
                damage="4"
                speed="4"
                missile_speed="15"
                price_factor="1.8"
                quality ="legendary" />
  <ItemModifier modifier_group="ItemModifierGroup.crossbow"
                id="masterwork_crossbow"
                name="{=8Tal0XIj}Masterwork {ITEMNAME}"
                loot_drop_score="1"
                production_drop_score="1"
                damage="3"
                speed="3"
                missile_speed="9"
                price_factor="1.5"
                quality ="masterwork" />
  <ItemModifier modifier_group="ItemModifierGroup.crossbow"
                id="tuned_crossbow"
                name="{=WbaIorOh}Tuned {ITEMNAME}"
                loot_drop_score="1"
                production_drop_score="1"
                damage="0"
                speed="0"
                missile_speed="3"
                price_factor="1.2"
                quality ="fine" />
  <ItemModifier modifier_group="ItemModifierGroup.crossbow"
                id="bent_crossbow"
                name="{=eb4miTUB}Bent {ITEMNAME}"
                loot_drop_score="1"
                production_drop_score="1"
                damage="-5"
                speed="-1"
                missile_speed="-1"
                price_factor="0.6"
                quality ="inferior" />
  <ItemModifier modifier_group="ItemModifierGroup.crossbow"
                id="cracked_crossbow"
                name="{=br0N6SSH}Cracked {ITEMNAME}"
                loot_drop_score="1"
                production_drop_score="1"
                damage="-10"
                speed="-2"
                missile_speed="-6"
                price_factor="0.3"
                quality ="poor" />
  <!-- Arrows -->
  <ItemModifier modifier_group="ItemModifierGroup.arrow"
                id="legendary_arrows"
                name="{=*}Legendary {ITEMNAME}"
                loot_drop_score="40"
                production_drop_score="80"
                damage="30"
                stack_count="15"
                price_factor="2.8"
                quality ="legendary" />
  <ItemModifier modifier_group="ItemModifierGroup.arrow"
                id="balanced_arrows"
                name="{=fdgcpipH}Balanced {ITEMNAME}"
                loot_drop_score="1"
                production_drop_score="1"
                damage="2"
                price_factor="1.5"
                quality ="masterwork" />
  <ItemModifier modifier_group="ItemModifierGroup.arrow"
                id="large_bag_arrows"
                name="{=3JaHZA3Y}Large Bag of {ITEMNAME}"
                loot_drop_score="1"
                production_drop_score="1"
                damage="0"
                stack_count="5"
                price_factor="2"
                quality ="fine" />
  <ItemModifier modifier_group="ItemModifierGroup.arrow"
                id="bent_arrows"
                name="{=eb4miTUB}Bent {ITEMNAME}"
                loot_drop_score="1"
                production_drop_score="1"
                damage="-1"
                price_factor="0.6"
                quality ="inferior" />
  <ItemModifier modifier_group="ItemModifierGroup.arrow"
                id="splintered_arrows"
                name="{=8Pd6fLoy}Splintered {ITEMNAME}"
                loot_drop_score="1"
                production_drop_score="1"
                damage="-3"
                price_factor="0.3"
                quality ="poor" />
  <!-- Bolts -->
  <ItemModifier modifier_group="ItemModifierGroup.bolt"
                id="legendary_bolts"
                name="{=*}Legendary {ITEMNAME}"
                loot_drop_score="40"
                production_drop_score="80"
                damage="10"
                stack_count="8"
                price_factor="1.8"
                quality ="legendary" />  
  <ItemModifier modifier_group="ItemModifierGroup.bolt"
                id="balanced_bolts"
                name="{=fdgcpipH}Balanced {ITEMNAME}"
                loot_drop_score="1"
                production_drop_score="1"
                damage="2"
                price_factor="1.5"
                quality ="masterwork" />
  <ItemModifier modifier_group="ItemModifierGroup.bolt"
                id="large_bag_bolts"
                name="{=3JaHZA3Y}Large Bag of {ITEMNAME}"
                loot_drop_score="1"
                production_drop_score="1"
                damage="0"
                stack_count="2"
                price_factor="1.2"
                quality ="fine" />
  <ItemModifier modifier_group="ItemModifierGroup.bolt"
                id="bent_bolts"
                name="{=eb4miTUB}Bent {ITEMNAME}"
                loot_drop_score="1"
                production_drop_score="1"
                damage="-1"
                price_factor="0.6"
                quality ="inferior" />
  <ItemModifier modifier_group="ItemModifierGroup.bolt"
                id="splintered_bolts"
                name="{=8Pd6fLoy}Splintered {ITEMNAME}"
                loot_drop_score="1"
                production_drop_score="1"
                damage="-5"
                price_factor="0.3"
                quality ="poor" />
  <!-- Cheap weapons (clubs and stuff?) -->
  <ItemModifier modifier_group="ItemModifierGroup.cheap_weapon"
                id="legendary_cheap"
                name="{=*}Legendary {ITEMNAME}"
                loot_drop_score="40"
                production_drop_score="80"
                damage="7"
                speed="3"
                price_factor="1.8"
                quality ="legendary" />
  <ItemModifier modifier_group="ItemModifierGroup.cheap_weapon"
                id="fine_cheap"
                name="{=xeb1b5PQ}Fine {ITEMNAME}"
                loot_drop_score="1"
                production_drop_score="1"
                damage="5"
                speed="2"
                price_factor="1.5"
                quality ="masterwork" />
  <ItemModifier modifier_group="ItemModifierGroup.cheap_weapon"
                id="well_crafted_cheap"
                name="{=85WO1MKG}Well made {ITEMNAME}"
                loot_drop_score="1"
                production_drop_score="1"
                damage="2"
                speed="1"
                price_factor="1.2"
                quality ="fine" />
  <ItemModifier modifier_group="ItemModifierGroup.cheap_weapon"
                id="bent_cheap"
                name="{=eb4miTUB}Bent {ITEMNAME}"
                loot_drop_score="1"
                production_drop_score="1"
                damage="-5"
                speed="-1"
                price_factor="0.6"
                quality ="inferior" />
  <ItemModifier modifier_group="ItemModifierGroup.cheap_weapon"
                id="cracked_cheap"
                name="{=br0N6SSH}Cracked {ITEMNAME}"
                loot_drop_score="1"
                production_drop_score="1"
                damage="-10"
                speed="-2"
                price_factor="0.4"
                quality ="poor" />
  <!-- Polearms -->
  <ItemModifier modifier_group="ItemModifierGroup.polearm"
                id="legendary_polearm"
                name="{=*}Legendary {ITEMNAME}"
                loot_drop_score="40"
                production_drop_score="80"
                damage="7"
                speed="3"
                price_factor="1.8"
                quality ="legendary" />  
  <ItemModifier modifier_group="ItemModifierGroup.polearm"
                id="masterwork_polearm"
                name="{=8Tal0XIj}Masterwork {ITEMNAME}"
                loot_drop_score="1"
                production_drop_score="1"
                damage="5"
                speed="2"
                price_factor="1.5"
                quality ="masterwork" />
  <ItemModifier modifier_group="ItemModifierGroup.polearm"
                id="balanced_polearm"
                name="{=fdgcpipH}Balanced {ITEMNAME}"
                loot_drop_score="1"
                production_drop_score="1"
                damage="3"
                speed="1"
                price_factor="1.2"
                quality ="fine" />
  <ItemModifier modifier_group="ItemModifierGroup.polearm"
                id="bent_polearm"
                name="{=eb4miTUB}Bent {ITEMNAME}"
                loot_drop_score="1"
                production_drop_score="1"
                damage="-3"
                speed="-1"
                price_factor="0.6"
                quality ="inferior" />
  <ItemModifier modifier_group="ItemModifierGroup.polearm"
                id="cracked_polearm"
                name="{=br0N6SSH}Cracked {ITEMNAME}"
                loot_drop_score="1"
                production_drop_score="1"
                damage="-6"
                speed="-3"
                price_factor="0.3"
                quality ="poor" />
  <!-- Maces -->
  <ItemModifier modifier_group="ItemModifierGroup.mace"
                id="legendary_mace"
                name="{=*}Legendary {ITEMNAME}"
                loot_drop_score="40"
                production_drop_score="80"
                damage="7"
                speed="3"
                price_factor="1.8"
                quality ="legendary" />
  <ItemModifier modifier_group="ItemModifierGroup.mace"
                id="masterwork_mace"
                name="{=8Tal0XIj}Masterwork {ITEMNAME}"
                loot_drop_score="1"
                production_drop_score="1"
                damage="5"
                speed="2"
                price_factor="1.5"
                quality ="masterwork" />
  <ItemModifier modifier_group="ItemModifierGroup.mace"
                id="balanced_mace"
                name="{=fdgcpipH}Balanced {ITEMNAME}"
                loot_drop_score="1"
                production_drop_score="1"
                damage="3"
                speed="1"
                price_factor="1.2"
                quality ="fine" />
  <ItemModifier modifier_group="ItemModifierGroup.mace"
                id="unbalanced_mace"
                name="{=VbxJPJGe}Unbalanced {ITEMNAME}"
                loot_drop_score="1"
                production_drop_score="1"
                damage="-1"
                speed="-1"
                price_factor="0.6"
                quality ="inferior" />
  <ItemModifier modifier_group="ItemModifierGroup.mace"
                id="splintered_mace"
                name="{=8Pd6fLoy}Splintered {ITEMNAME}"
                loot_drop_score="1"
                production_drop_score="1"
                damage="-4"
                speed="-2"
                price_factor="0.3"
                quality ="poor" />
  <!-- Axes -->
  <ItemModifier modifier_group="ItemModifierGroup.axe"
                id="legendary_axe"
                name="{=*}Legendary {ITEMNAME}"
                loot_drop_score="40"
                production_drop_score="80"
                damage="7"
                speed="3"
                price_factor="1.8"
                quality ="legendary" />  
  <ItemModifier modifier_group="ItemModifierGroup.axe"
                id="masterwork_axe"
                name="{=8Tal0XIj}Masterwork {ITEMNAME}"
                loot_drop_score="1"
                production_drop_score="1"
                damage="5"
                speed="2"
                price_factor="1.5"
                quality ="masterwork" />
  <ItemModifier modifier_group="ItemModifierGroup.axe"
                id="quality_axe"
                name="{=bAdxUq7s}Quality {ITEMNAME}"
                loot_drop_score="1"
                production_drop_score="1"
                damage="3"
                speed="1"
                price_factor="1.2"
                quality ="fine" />
  <ItemModifier modifier_group="ItemModifierGroup.axe"
                id="dented_axe"
                name="{=PobRGG9S}Dented {ITEMNAME}"
                loot_drop_score="1"
                production_drop_score="1"
                damage="-1"
                speed="-1"
                price_factor="0.6"
                quality ="inferior" />
  <ItemModifier modifier_group="ItemModifierGroup.axe"
                id="rusty_axe"
                name="{=l7QEpVwU}Rusty {ITEMNAME}"
                loot_drop_score="1"
                production_drop_score="1"
                damage="-4"
                speed="0"
                price_factor="0.3"
                quality ="poor" />
  <!-- Throwing Axes -->
  <ItemModifier modifier_group="ItemModifierGroup.axe_throwing"
                id="legendary_axe_throwing"
                name="{=*}Legendary {ITEMNAME}"
                loot_drop_score="40"
                production_drop_score="80"
                stack_count="6"
                missile_speed="3"
                price_factor="1.8"
                quality="legendary" />  
  <ItemModifier modifier_group="ItemModifierGroup.axe_throwing"
                id="large_bag_axe_throwing"
                name="{=3JaHZA3Y}Large Bag of {ITEMNAME}"
                loot_drop_score="1"
                production_drop_score="1"
                stack_count="2"
                missile_speed="0"
                price_factor="1.5"
                quality="masterwork" />
  <ItemModifier modifier_group="ItemModifierGroup.axe_throwing"
                id="balanced_axe_throwing"
                name="{=fdgcpipH}Balanced {ITEMNAME}"
                loot_drop_score="1"
                production_drop_score="1"
                missile_speed="5"
                price_factor="1.2"
                quality="fine" />
  <ItemModifier modifier_group="ItemModifierGroup.axe_throwing"
                id="bent_axe_throwing"
                name="{=eb4miTUB}Bent {ITEMNAME}"
                loot_drop_score="1"
                production_drop_score="1"
                missile_speed="-3"
                price_factor="0.6"
                quality="inferior" />
  <ItemModifier modifier_group="ItemModifierGroup.axe_throwing"
                id="splintered_axe_throwing"
                name="{=8Pd6fLoy}Splintered {ITEMNAME}"
                loot_drop_score="1"
                production_drop_score="1"
                missile_speed="-6"
                price_factor="0.3"
                quality="poor" />
  <!-- Throwing knives -->
  <ItemModifier modifier_group="ItemModifierGroup.knife_throwing"
                id="legendary_knife_throwing"
                name="{=*}Legendary {ITEMNAME}"
                loot_drop_score="40"
                production_drop_score="80"
                stack_count="4"
                missile_speed="8"
                price_factor="1.8"
                quality="legendary" />
  <ItemModifier modifier_group="ItemModifierGroup.knife_throwing"
                id="balanced_knife_throwing"
                name="{=fdgcpipH}Balanced {ITEMNAME}"
                loot_drop_score="1"
                production_drop_score="1"
                damage="0"
                speed="0"
                missile_speed="4"
                price_factor="1.5"
                quality="masterwork" />
  <ItemModifier modifier_group="ItemModifierGroup.knife_throwing"
                id="large_bag_knife_throwing"
                name="{=3JaHZA3Y}Large Bag of {ITEMNAME}"
                loot_drop_score="1"
                production_drop_score="1"
                stack_count="2"
                damage="0"
                speed="0"
                missile_speed="0"
                price_factor="1.2"
                quality="fine" />
  <ItemModifier modifier_group="ItemModifierGroup.knife_throwing"
                id="bent_knife_throwing"
                name="{=eb4miTUB}Bent {ITEMNAME}"
                loot_drop_score="1"
                production_drop_score="1"
                damage="0"
                speed="0"
                missile_speed="-2"
                price_factor="0.6"
                quality="inferior" />
  <ItemModifier modifier_group="ItemModifierGroup.knife_throwing"
                id="rusty_knife_throwing"
                name="{=l7QEpVwU}Rusty {ITEMNAME}"
                loot_drop_score="1"
                production_drop_score="1"
                damage="0"
                speed="0"
                missile_speed="-2"
                price_factor="0.3"
                quality="poor" />
  <!-- Throwing spears and darts -->
  <ItemModifier modifier_group="ItemModifierGroup.spear_dart_throwing"
                id="legendary_spear_dart_throwing"
                name="{=*}Legendary {ITEMNAME}"
                loot_drop_score="40"
                production_drop_score="80"
                damage="3"
                speed="2"                
                missile_speed="6"
                price_factor="1.8"
                quality="legendary" />
  <ItemModifier modifier_group="ItemModifierGroup.spear_dart_throwing"
                id="balanced_spear_dart_throwing"
                name="{=fdgcpipH}Balanced {ITEMNAME}"
                loot_drop_score="1"
                production_drop_score="1"
                damage="2"
                speed="1"
                missile_speed="3"
                price_factor="1.5"
                quality="masterwork" />
  <ItemModifier modifier_group="ItemModifierGroup.spear_dart_throwing"
                id="large_bag_spear_dart_throwing"
                name="{=3JaHZA3Y}Large Bag of {ITEMNAME}"
                loot_drop_score="1"
                production_drop_score="1"
                stack_count="2"
                damage="0"
                speed="0"
                missile_speed="0"
                price_factor="1.2"
                quality="fine" />
  <ItemModifier modifier_group="ItemModifierGroup.spear_dart_throwing"
                id="bent_spear_dart_throwing"
                name="{=eb4miTUB}Bent {ITEMNAME}"
                loot_drop_score="1"
                production_drop_score="1"
                damage="-2"
                speed="0"
                missile_speed="-1"
                price_factor="0.6"
                quality="inferior" />
  <ItemModifier modifier_group="ItemModifierGroup.spear_dart_throwing"
                id="cracked_spear_dart_throwing"
                name="{=br0N6SSH}Cracked {ITEMNAME}"
                loot_drop_score="1"
                production_drop_score="1"
                damage="-5"
                speed="0"
                missile_speed="-2"
                price_factor="0.3"
                quality="poor" />
  <!-- Shields -->
  <ItemModifier modifier_group="ItemModifierGroup.shield"
                id="legendary_shield"
                name="{=*}Legendary {ITEMNAME}"
                loot_drop_score="40"
                production_drop_score="80"
                hit_points="210"
                speed="0"
                armor="8"
                price_factor="1.8"
                quality="legendary" />  
  <ItemModifier modifier_group="ItemModifierGroup.shield"
                id="lordly_shield"
                name="{=w3jn7Ahz}Lordly {ITEMNAME}"
                loot_drop_score="1"
                production_drop_score="1"
                hit_points="130"
                speed="0"
                armor="5"
                price_factor="1.5"
                quality="masterwork" />
  <ItemModifier modifier_group="ItemModifierGroup.shield"
                id="thick_shield"
                name="{=BA9c7gPb}Thick {ITEMNAME}"
                loot_drop_score="1"
                production_drop_score="1"
                hit_points="40"
                speed="0"
                armor="3"
                price_factor="1.2"
                quality="fine" />
  <ItemModifier modifier_group="ItemModifierGroup.shield"
                id="battered_shield"
                name="{=TePk4BSJ}Battered {ITEMNAME}"
                loot_drop_score="1"
                production_drop_score="1"
                hit_points="-70"
                speed="0"
                armor="-2"
                price_factor="0.6"
                quality="inferior" />
  <ItemModifier modifier_group="ItemModifierGroup.shield"
                id="cracked_shield"
                name="{=br0N6SSH}Cracked {ITEMNAME}"
                loot_drop_score="1"
                production_drop_score="1"
                hit_points="-110"
                speed="-1"
                armor="-4"
                price_factor="0.3"
                quality="poor" />
  <!-- Plate Armors -->
  <ItemModifier modifier_group="ItemModifierGroup.plate"
                id="legendary_plate"
                name="{=*}Legendary {ITEMNAME}"
                loot_drop_score="40"
                production_drop_score="80"
                armor="16"
                price_factor="1.8"
                quality="legendary" />
  <ItemModifier modifier_group="ItemModifierGroup.plate"
                id="lordly_plate"
                name="{=w3jn7Ahz}Lordly {ITEMNAME}"
                loot_drop_score="1"
                production_drop_score="1"
                armor="8"
                price_factor="1.5"
                quality="masterwork" />
  <ItemModifier modifier_group="ItemModifierGroup.plate"
                id="fine_plate"
                name="{=xeb1b5PQ}Fine {ITEMNAME}"
                loot_drop_score="1"
                production_drop_score="1"
                armor="4"
                price_factor="1.2"
                quality="fine" />
  <ItemModifier modifier_group="ItemModifierGroup.plate"
                id="dented_plate"
                name="{=PobRGG9S}Dented {ITEMNAME}"
                loot_drop_score="1"
                production_drop_score="1"
                armor="-4"
                price_factor="0.6"
                quality="inferior" />
  <ItemModifier modifier_group="ItemModifierGroup.plate"
                id="rusty_plate"
                name="{=l7QEpVwU}Rusty {ITEMNAME}"
                loot_drop_score="1"
                production_drop_score="1"
                armor="-6"
                price_factor="0.3"
                quality="poor" />
  <!-- Chain Armors -->
  <ItemModifier modifier_group="ItemModifierGroup.chain"
                id="legendary_chain"
                name="{=*}Legendary {ITEMNAME}"
                loot_drop_score="40"
                production_drop_score="80"
                armor="12"
                price_factor="1.8"
                quality="legendary" />
  <ItemModifier modifier_group="ItemModifierGroup.chain"
                id="lordly_chain"
                name="{=w3jn7Ahz}Lordly {ITEMNAME}"
                loot_drop_score="1"
                production_drop_score="1"
                armor="6"
                price_factor="1.5"
                quality="masterwork" />
  <ItemModifier modifier_group="ItemModifierGroup.chain"
                id="fine_chain"
                name="{=xeb1b5PQ}Fine {ITEMNAME}"
                loot_drop_score="1"
                production_drop_score="1"
                armor="3"
                price_factor="1.2"
                quality="fine" />
  <ItemModifier modifier_group="ItemModifierGroup.chain"
                id="loose_chain"
                name="{=bWhJwHA1}Loose {ITEMNAME}"
                loot_drop_score="1"
                production_drop_score="1"
                armor="-6"
                price_factor="0.6"
                quality="inferior" />
  <ItemModifier modifier_group="ItemModifierGroup.chain"
                id="rusty_chain"
                name="{=l7QEpVwU}Rusty {ITEMNAME}"
                loot_drop_score="1"
                production_drop_score="1"
                armor="-8"
                price_factor="0.3"
                quality="poor" />
  <!-- Leather Armors -->
  <ItemModifier modifier_group="ItemModifierGroup.leather"
                id="legendary_leather"
                name="{=*}Legendary {ITEMNAME}"
                loot_drop_score="40"
                production_drop_score="80"
                armor="10"
                price_factor="1.8"
                quality="legendary" />
  <ItemModifier modifier_group="ItemModifierGroup.leather"
                id="fine_leather"
                name="{=xeb1b5PQ}Fine {ITEMNAME}"
                loot_drop_score="1"
                production_drop_score="1"
                armor="5"
                price_factor="1.5"
                quality="masterwork" />
  <ItemModifier modifier_group="ItemModifierGroup.leather"
                id="waxed_leather"
                name="{=zPqPvf0o}Waxed {ITEMNAME}"
                loot_drop_score="1"
                production_drop_score="1"
                armor="3"
                price_factor="1.2"
                quality="fine" />
  <ItemModifier modifier_group="ItemModifierGroup.leather"
                id="worn_leather"
                name="{=5yVgXqQr}Worn {ITEMNAME}"
                loot_drop_score="1"
                production_drop_score="1"
                armor="-2"
                price_factor="0.6"
                quality="inferior" />
  <ItemModifier modifier_group="ItemModifierGroup.leather"
                id="battered_leather"
                name="{=TePk4BSJ}Battered {ITEMNAME}"
                loot_drop_score="1"
                production_drop_score="1"
                armor="-3"
                price_factor="0.3"
                quality="poor" />
  <!-- Cloth Armors -->
  <ItemModifier modifier_group="ItemModifierGroup.cloth"
                id="legendary_cloth"
                name="{=*}Legendary {ITEMNAME}"
                loot_drop_score="40"
                production_drop_score="80"
                armor="8"
                price_factor="1.8"
                quality="legendary" />
  <ItemModifier modifier_group="ItemModifierGroup.cloth"
                id="fine_cloth"
                name="{=xeb1b5PQ}Fine {ITEMNAME}"
                loot_drop_score="1"
                production_drop_score="1"
                armor="3"
                price_factor="1.5"
                quality="masterwork" />
  <ItemModifier modifier_group="ItemModifierGroup.cloth"
                id="tailored_cloth"
                name="{=Q5HVyNWJ}Tailored {ITEMNAME}"
                loot_drop_score="1"
                production_drop_score="1"
                armor="1"
                price_factor="1.2"
                quality="fine" />
  <ItemModifier modifier_group="ItemModifierGroup.cloth"
                id="worn_cloth"
                name="{=5yVgXqQr}Worn {ITEMNAME}"
                loot_drop_score="1"
                production_drop_score="1"
                armor="-1"
                price_factor="0.6"
                quality="inferior" />
  <ItemModifier modifier_group="ItemModifierGroup.cloth"
                id="ripped_cloth"
                name="{=Pbb94NdW}Ripped {ITEMNAME}"
                loot_drop_score="1"
                production_drop_score="1"
                armor="-2"
                price_factor="0.3"
                quality="poor" />
  <!-- Clothing -->
  <ItemModifier modifier_group="ItemModifierGroup.cloth_unarmoured"
                id="legendary_cloth_unarmoured"
                name="{=*}Legendary {ITEMNAME}"
                loot_drop_score="40"
                production_drop_score="80"
                armor="3"
                price_factor="1.8"
                quality="legendary" />
  <ItemModifier modifier_group="ItemModifierGroup.cloth_unarmoured"
                id="fine_cloth_unarmoured"
                name="{=xeb1b5PQ}Fine {ITEMNAME}"
                loot_drop_score="1"
                production_drop_score="1"
                armor="2"
                price_factor="1.5"
                quality="masterwork" />
  <ItemModifier modifier_group="ItemModifierGroup.cloth_unarmoured"
                id="tailored_cloth_unarmoured"
                name="{=Q5HVyNWJ}Tailored {ITEMNAME}"
                loot_drop_score="1"
                production_drop_score="1"
                armor="1"
                price_factor="1.2"
                quality="fine" />
  <ItemModifier modifier_group="ItemModifierGroup.cloth_unarmoured"
                id="worn_cloth_unarmoured"
                name="{=5yVgXqQr}Worn {ITEMNAME}"
                loot_drop_score="1"
                production_drop_score="1"
                armor="-1"
                price_factor="0.6"
                quality="inferior" />
  <ItemModifier modifier_group="ItemModifierGroup.cloth_unarmoured"
                id="ripped_cloth_unarmoured"
                name="{=Pbb94NdW}Ripped {ITEMNAME}"
                loot_drop_score="1"
                production_drop_score="1"
                armor="-2"
                price_factor="0.3"
                quality="poor" />
  <!-- Horses -->
  <!--
	<ItemModifier modifier_group="ItemModifierGroup.horse" id="purebred_horse" name="{=*}Purebred {ITEMNAME}" loot_drop_score="1" production_drop_score="1"  horse_speed="5" maneuver="4" charge_damage="2"  hit_points="5" price_factor="4"loot_drop_score="1" production_drop_score="1"/>
	<ItemModifier modifier_group="ItemModifierGroup.horse" id="healthy_horse" name="{=*}Healthy {ITEMNAME}" loot_drop_score="1" production_drop_score="1"  horse_speed="2" maneuver="3" charge_damage="1"  hit_points="5" price_factor="3"loot_drop_score="1" production_drop_score="1"/>
	<ItemModifier modifier_group="ItemModifierGroup.horse" id="strong_horse" name="{=*}Strong {ITEMNAME}" loot_drop_score="1" production_drop_score="1"  horse_speed="1" maneuver="0" charge_damage="4"  hit_points="15" price_factor="3"loot_drop_score="1" production_drop_score="1"/>
	<ItemModifier modifier_group="ItemModifierGroup.horse" id="lean_horse" name="{=*}Lean {ITEMNAME}" loot_drop_score="1" production_drop_score="1"  horse_speed="3" maneuver="2" charge_damage="-1"  hit_points="-5" price_factor="2"loot_drop_score="1" production_drop_score="1"/>
	<ItemModifier modifier_group="ItemModifierGroup.horse" id="good_natured_horse" name="{=*}Good Natured {ITEMNAME}" loot_drop_score="1" production_drop_score="1"  horse_speed="1" maneuver="2" charge_damage="-1"  hit_points="0" price_factor="1.2"loot_drop_score="1" production_drop_score="1"/>
	<ItemModifier modifier_group="ItemModifierGroup.horse" id="badly_tempered_horse" name="{=*}Badly Tempered {ITEMNAME}" loot_drop_score="1" production_drop_score="1"  horse_speed="-1" maneuver="0" charge_damage="2"  hit_points="0" price_factor="0.8"loot_drop_score="1" production_drop_score="1"/>
	<ItemModifier modifier_group="ItemModifierGroup.horse" id="stubborn_horse" name="{=*}Stubborn {ITEMNAME}" loot_drop_score="1" production_drop_score="1"  horse_speed="-1" maneuver="-3" charge_damage="-2"  hit_points="10" price_factor="0.7"loot_drop_score="1" production_drop_score="1"/>
	<ItemModifier modifier_group="ItemModifierGroup.horse" id="anaemic_horse" name="{=*}Anaemic {ITEMNAME}" loot_drop_score="1" production_drop_score="1"  horse_speed="-2" maneuver="0" charge_damage="-3"  hit_points="-5" price_factor="0.35"loot_drop_score="1" production_drop_score="1"/>
  -->
  <ItemModifier modifier_group="ItemModifierGroup.horse"
                id="lame_horse"
                name="{=geUpgQI5}Lame {ITEMNAME}"
                loot_drop_score="0"
                production_drop_score="0"
                horse_speed="0.7"
                maneuver="0.9"
                charge_damage="0.6"
                horse_hit_points="0.8"
                price_factor="0.1"
                quality="poor" />
  <ItemModifier modifier_group="ItemModifierGroup.companion"
                id="companion_horse"
                name="{=y3TvYqhG}Old {ITEMNAME}"
                loot_drop_score="0"
                production_drop_score="0"
                horse_speed="0.8"
                maneuver="0.95"
                charge_damage="0.8"
                horse_hit_points="0.9"
                price_factor="0.2"
                quality="poor" />
  <ItemModifier modifier_group="ItemModifierGroup.companion"
                id="companion_weapon"
                name="{=l7QEpVwU}Rusty {ITEMNAME}"
                loot_drop_score="0"
                production_drop_score="0"
                damage="-10"
                price_factor="0.2"
                quality="poor" />
  <ItemModifier modifier_group="ItemModifierGroup.companion"
                id="companion_armor"
                name="{=5yVgXqQr}Worn {ITEMNAME}"
                loot_drop_score="0"
                production_drop_score="0"
                armor="-6"
                price_factor="0.2"
                quality="poor" />
</ItemModifiers>