<?xml version="1.0" encoding="utf-8"?>
<NPCCharacters>
 <NPCCharacter id="rc_2haxe_chunluren" 
            name="淳陆仁 {FIRSTNAME}" 
            age="25" 
            voice="curt" 
            culture="Culture.khuzait" 
            default_group="Infantry" 
            is_template="true" 
            is_hero="false"
			is_female="false"
            occupation="Wanderer">
    <face>
		<BodyProperties version="4" age="35.54" weight="0.3431" build="0.2747"  key="0000AC0799CC100856B2579245654736D3D96DD9A2367A04588594678888866502E450240E79AC34000000000000000000000000000000000000000001C84002"  />
		<BodyPropertiesMax version="4" age="35.54" weight="0.3431" build="0.2747"  key="0000AC0799CC100856B2579245654736D3D96DD9A2367A04588594678888866502E450240E79AC34000000000000000000000000000000000000000001C84002"  />
	</face>
    <skills>
      <skill id="OneHanded" value="0"/>
      <skill id="TwoHanded" value="500"/>
      <skill id="Polearm" value="0"/>
      <skill id="Bow" value="0"/>
      <skill id="Crossbow" value="0"/>
      <skill id="Throwing" value="0"/>
      <skill id="Riding" value="0"/>
      <skill id="Athletics" value="1000"/>
      <skill id="Crafting" value="0"/>
      <skill id="Scouting" value="0"/>
      <skill id="Tactics" value="0"/>
      <skill id="Roguery" value="0"/>
      <skill id="Charm" value="0"/>
      <skill id="Leadership" value="0"/>
      <skill id="Trade" value="0"/>
      <skill id="Steward" value="0"/>
      <skill id="Medicine" value="0"/>
      <skill id="Engineering" value="0"/>
    </skills>
    <Traits>
      <Trait id="Calculating" value="-2"/>
      <Trait id="Generosity" value="0"/>
      <Trait id="Honor" value="1"/>
      <Trait id="Valor" value="2"/>
      <Trait id="Mercy" value="-1"/>
    </Traits>
	  <Equipments>
		  <EquipmentRoster>
			  <equipment slot="Item0" id="2haxe_2_t7" />
			  <equipment slot="Cape" id="Item.wrapped_scarf" />
			  <equipment slot="Body" id="Item.studded_leather_coat" />
			  <equipment slot="Leg" id="Item.steppe_leather_boots" />
		  </EquipmentRoster>
		  <EquipmentRoster civilian="true">
			  <equipment slot="Cape" id="Item.wrapped_scarf" />
			  <equipment slot="Body" id="Item.studded_leather_coat" />
			  <equipment slot="Leg" id="Item.steppe_leather_boots" />
		  </EquipmentRoster>
	  </Equipments>
  </NPCCharacter>
  
 <NPCCharacter id="rc_2haxe_chunluren_2" 
            name="淳陆仁 {FIRSTNAME}" 
            age="25" 
            voice="curt" 
            culture="Culture.khuzait" 
            default_group="Infantry" 
            is_template="true" 
            is_hero="false"
			is_female="false"
            occupation="Wanderer">
    <face>
		<BodyProperties version="4" age="35.54" weight="0.3431" build="0.2747"  key="0000AC0799CC100856B2579245654736D3D96DD9A2367A04588594678888866502E450240E79AC34000000000000000000000000000000000000000001C84002"  />
		<BodyPropertiesMax version="4" age="35.54" weight="0.3431" build="0.2747"  key="0000AC0799CC100856B2579245654736D3D96DD9A2367A04588594678888866502E450240E79AC34000000000000000000000000000000000000000001C84002"  />
	</face>
    <skills>
      <skill id="OneHanded" value="0"/>
      <skill id="TwoHanded" value="500"/>
      <skill id="Polearm" value="0"/>
      <skill id="Bow" value="0"/>
      <skill id="Crossbow" value="0"/>
      <skill id="Throwing" value="0"/>
      <skill id="Riding" value="0"/>
      <skill id="Athletics" value="1000"/>
      <skill id="Crafting" value="0"/>
      <skill id="Scouting" value="0"/>
      <skill id="Tactics" value="0"/>
      <skill id="Roguery" value="0"/>
      <skill id="Charm" value="0"/>
      <skill id="Leadership" value="0"/>
      <skill id="Trade" value="0"/>
      <skill id="Steward" value="0"/>
      <skill id="Medicine" value="0"/>
      <skill id="Engineering" value="0"/>
    </skills>
    <Traits>
      <Trait id="Calculating" value="-2"/>
      <Trait id="Generosity" value="0"/>
      <Trait id="Honor" value="1"/>
      <Trait id="Valor" value="2"/>
      <Trait id="Mercy" value="-1"/>
    </Traits>
	  <Equipments>
		  <EquipmentRoster>
			  <equipment slot="Item0" id="2haxe_2_t7" />
			  <equipment slot="Cape" id="Item.wrapped_scarf" />
			  <equipment slot="Body" id="Item.studded_leather_coat" />
			  <equipment slot="Leg" id="Item.steppe_leather_boots" />
		  </EquipmentRoster>
		  <EquipmentRoster civilian="true">
			  <equipment slot="Cape" id="Item.wrapped_scarf" />
			  <equipment slot="Body" id="Item.studded_leather_coat" />
			  <equipment slot="Leg" id="Item.steppe_leather_boots" />
		  </EquipmentRoster>
	  </Equipments>
  </NPCCharacter>

 <NPCCharacter id="rc_2haxe_chunluren_3" 
            name="淳陆仁 {FIRSTNAME}" 
            age="25" 
            voice="curt" 
            culture="Culture.khuzait" 
            default_group="Infantry" 
            is_template="true" 
            is_hero="false"
			      is_female="false"
            occupation="Wanderer">
    <face>
		<BodyProperties version="4" age="35.54" weight="0.3431" build="0.2747"  key="0000AC0799CC100856B2579245654736D3D96DD9A2367A04588594678888866502E450240E79AC34000000000000000000000000000000000000000001C84002"  />
		<BodyPropertiesMax version="4" age="35.54" weight="0.3431" build="0.2747"  key="0000AC0799CC100856B2579245654736D3D96DD9A2367A04588594678888866502E450240E79AC34000000000000000000000000000000000000000001C84002"  />
	</face>
    <skills>
      <skill id="OneHanded" value="0"/>
      <skill id="TwoHanded" value="500"/>
      <skill id="Polearm" value="0"/>
      <skill id="Bow" value="0"/>
      <skill id="Crossbow" value="0"/>
      <skill id="Throwing" value="0"/>
      <skill id="Riding" value="0"/>
      <skill id="Athletics" value="1000"/>
      <skill id="Crafting" value="0"/>
      <skill id="Scouting" value="0"/>
      <skill id="Tactics" value="0"/>
      <skill id="Roguery" value="0"/>
      <skill id="Charm" value="0"/>
      <skill id="Leadership" value="0"/>
      <skill id="Trade" value="0"/>
      <skill id="Steward" value="0"/>
      <skill id="Medicine" value="0"/>
      <skill id="Engineering" value="0"/>
    </skills>
    <Traits>
      <Trait id="Calculating" value="-2"/>
      <Trait id="Generosity" value="0"/>
      <Trait id="Honor" value="1"/>
      <Trait id="Valor" value="2"/>
      <Trait id="Mercy" value="-1"/>
    </Traits>
	  <Equipments>
		  <EquipmentRoster>
			  <equipment slot="Item0" id="2haxe_2_t7" />
			  <equipment slot="Cape" id="Item.wrapped_scarf" />
			  <equipment slot="Body" id="Item.studded_leather_coat" />
			  <equipment slot="Leg" id="Item.steppe_leather_boots" />
		  </EquipmentRoster>
		  <EquipmentRoster civilian="true">
			  <equipment slot="Cape" id="Item.wrapped_scarf" />
			  <equipment slot="Body" id="Item.studded_leather_coat" />
			  <equipment slot="Leg" id="Item.steppe_leather_boots" />
		  </EquipmentRoster>
	  </Equipments>
  </NPCCharacter>
 <NPCCharacter id="rc_2haxe_chunluren_4" 
            name="淳陆仁 {FIRSTNAME}" 
            age="25" 
            voice="curt" 
            culture="Culture.khuzait" 
            default_group="Infantry" 
            is_template="true" 
            is_hero="false"
			is_female="false"
            occupation="Wanderer">
    <face>
		<BodyProperties version="4" age="35.54" weight="0.3431" build="0.2747"  key="0000AC0799CC100856B2579245654736D3D96DD9A2367A04588594678888866502E450240E79AC34000000000000000000000000000000000000000001C84002"  />
		<BodyPropertiesMax version="4" age="35.54" weight="0.3431" build="0.2747"  key="0000AC0799CC100856B2579245654736D3D96DD9A2367A04588594678888866502E450240E79AC34000000000000000000000000000000000000000001C84002"  />
	</face>
    <skills>
      <skill id="OneHanded" value="0"/>
      <skill id="TwoHanded" value="500"/>
      <skill id="Polearm" value="0"/>
      <skill id="Bow" value="0"/>
      <skill id="Crossbow" value="0"/>
      <skill id="Throwing" value="0"/>
      <skill id="Riding" value="0"/>
      <skill id="Athletics" value="1000"/>
      <skill id="Crafting" value="0"/>
      <skill id="Scouting" value="0"/>
      <skill id="Tactics" value="0"/>
      <skill id="Roguery" value="0"/>
      <skill id="Charm" value="0"/>
      <skill id="Leadership" value="0"/>
      <skill id="Trade" value="0"/>
      <skill id="Steward" value="0"/>
      <skill id="Medicine" value="0"/>
      <skill id="Engineering" value="0"/>
    </skills>
    <Traits>
      <Trait id="Calculating" value="-2"/>
      <Trait id="Generosity" value="0"/>
      <Trait id="Honor" value="1"/>
      <Trait id="Valor" value="2"/>
      <Trait id="Mercy" value="-1"/>
    </Traits>
	  <Equipments>
		  <EquipmentRoster>
			  <equipment slot="Item0" id="2haxe_2_t7" />
			  <equipment slot="Cape" id="Item.wrapped_scarf" />
			  <equipment slot="Body" id="Item.studded_leather_coat" />
			  <equipment slot="Leg" id="Item.steppe_leather_boots" />
		  </EquipmentRoster>
		  <EquipmentRoster civilian="true">
			  <equipment slot="Cape" id="Item.wrapped_scarf" />
			  <equipment slot="Body" id="Item.studded_leather_coat" />
			  <equipment slot="Leg" id="Item.steppe_leather_boots" />
		  </EquipmentRoster>
	  </Equipments>
  </NPCCharacter>
 <NPCCharacter id="rc_2haxe_chunluren_5" 
            name="淳陆仁 {FIRSTNAME}" 
            age="25" 
            voice="curt" 
            culture="Culture.khuzait" 
            default_group="Infantry" 
            is_template="true" 
            is_hero="false"
			is_female="false"
            occupation="Wanderer">
    <face>
		<BodyProperties version="4" age="35.54" weight="0.3431" build="0.2747"  key="0000AC0799CC100856B2579245654736D3D96DD9A2367A04588594678888866502E450240E79AC34000000000000000000000000000000000000000001C84002"  />
		<BodyPropertiesMax version="4" age="35.54" weight="0.3431" build="0.2747"  key="0000AC0799CC100856B2579245654736D3D96DD9A2367A04588594678888866502E450240E79AC34000000000000000000000000000000000000000001C84002"  />
	</face>
    <skills>
      <skill id="OneHanded" value="0"/>
      <skill id="TwoHanded" value="500"/>
      <skill id="Polearm" value="0"/>
      <skill id="Bow" value="0"/>
      <skill id="Crossbow" value="0"/>
      <skill id="Throwing" value="0"/>
      <skill id="Riding" value="0"/>
      <skill id="Athletics" value="1000"/>
      <skill id="Crafting" value="0"/>
      <skill id="Scouting" value="0"/>
      <skill id="Tactics" value="0"/>
      <skill id="Roguery" value="0"/>
      <skill id="Charm" value="0"/>
      <skill id="Leadership" value="0"/>
      <skill id="Trade" value="0"/>
      <skill id="Steward" value="0"/>
      <skill id="Medicine" value="0"/>
      <skill id="Engineering" value="0"/>
    </skills>
    <Traits>
      <Trait id="Calculating" value="-2"/>
      <Trait id="Generosity" value="0"/>
      <Trait id="Honor" value="1"/>
      <Trait id="Valor" value="2"/>
      <Trait id="Mercy" value="-1"/>
    </Traits>
	  <Equipments>
		  <EquipmentRoster>
			  <equipment slot="Item0" id="2haxe_2_t7" />
			  <equipment slot="Cape" id="Item.wrapped_scarf" />
			  <equipment slot="Body" id="Item.studded_leather_coat" />
			  <equipment slot="Leg" id="Item.steppe_leather_boots" />
		  </EquipmentRoster>
		  <EquipmentRoster civilian="true">
			  <equipment slot="Cape" id="Item.wrapped_scarf" />
			  <equipment slot="Body" id="Item.studded_leather_coat" />
			  <equipment slot="Leg" id="Item.steppe_leather_boots" />
		  </EquipmentRoster>
	  </Equipments>
  </NPCCharacter>
  
 <NPCCharacter id="rc_2haxe_chunluren_6" 
            name="淳陆仁 {FIRSTNAME}" 
            age="25" 
            voice="curt" 
            culture="Culture.khuzait" 
            default_group="Infantry" 
            is_template="true" 
            is_hero="false"
			is_female="false"
            occupation="Wanderer">
    <face>
		<BodyProperties version="4" age="35.54" weight="0.3431" build="0.2747"  key="0000AC0799CC100856B2579245654736D3D96DD9A2367A04588594678888866502E450240E79AC34000000000000000000000000000000000000000001C84002"  />
		<BodyPropertiesMax version="4" age="35.54" weight="0.3431" build="0.2747"  key="0000AC0799CC100856B2579245654736D3D96DD9A2367A04588594678888866502E450240E79AC34000000000000000000000000000000000000000001C84002"  />
	</face>
    <skills>
      <skill id="OneHanded" value="0"/>
      <skill id="TwoHanded" value="500"/>
      <skill id="Polearm" value="0"/>
      <skill id="Bow" value="0"/>
      <skill id="Crossbow" value="0"/>
      <skill id="Throwing" value="0"/>
      <skill id="Riding" value="0"/>
      <skill id="Athletics" value="1000"/>
      <skill id="Crafting" value="0"/>
      <skill id="Scouting" value="0"/>
      <skill id="Tactics" value="0"/>
      <skill id="Roguery" value="0"/>
      <skill id="Charm" value="0"/>
      <skill id="Leadership" value="0"/>
      <skill id="Trade" value="0"/>
      <skill id="Steward" value="0"/>
      <skill id="Medicine" value="0"/>
      <skill id="Engineering" value="0"/>
    </skills>
    <Traits>
      <Trait id="Calculating" value="-2"/>
      <Trait id="Generosity" value="0"/>
      <Trait id="Honor" value="1"/>
      <Trait id="Valor" value="2"/>
      <Trait id="Mercy" value="-1"/>
    </Traits>
	  <Equipments>
		  <EquipmentRoster>
			  <equipment slot="Item0" id="2haxe_2_t7" />
			  <equipment slot="Cape" id="Item.wrapped_scarf" />
			  <equipment slot="Body" id="Item.studded_leather_coat" />
			  <equipment slot="Leg" id="Item.steppe_leather_boots" />
		  </EquipmentRoster>
		  <EquipmentRoster civilian="true">
			  <equipment slot="Cape" id="Item.wrapped_scarf" />
			  <equipment slot="Body" id="Item.studded_leather_coat" />
			  <equipment slot="Leg" id="Item.steppe_leather_boots" />
		  </EquipmentRoster>
	  </Equipments>
  </NPCCharacter>

 <NPCCharacter id="rc_2haxe_chunluren_7" 
            name="淳陆仁 {FIRSTNAME}" 
            age="25" 
            voice="curt" 
            culture="Culture.khuzait" 
            default_group="Infantry" 
            is_template="true" 
            is_hero="false"
			is_female="false"
            occupation="Wanderer">
    <face>
		<BodyProperties version="4" age="35.54" weight="0.3431" build="0.2747"  key="0000AC0799CC100856B2579245654736D3D96DD9A2367A04588594678888866502E450240E79AC34000000000000000000000000000000000000000001C84002"  />
		<BodyPropertiesMax version="4" age="35.54" weight="0.3431" build="0.2747"  key="0000AC0799CC100856B2579245654736D3D96DD9A2367A04588594678888866502E450240E79AC34000000000000000000000000000000000000000001C84002"  />
	</face>
    <skills>
      <skill id="OneHanded" value="0"/>
      <skill id="TwoHanded" value="500"/>
      <skill id="Polearm" value="0"/>
      <skill id="Bow" value="0"/>
      <skill id="Crossbow" value="0"/>
      <skill id="Throwing" value="0"/>
      <skill id="Riding" value="0"/>
      <skill id="Athletics" value="1000"/>
      <skill id="Crafting" value="0"/>
      <skill id="Scouting" value="0"/>
      <skill id="Tactics" value="0"/>
      <skill id="Roguery" value="0"/>
      <skill id="Charm" value="0"/>
      <skill id="Leadership" value="0"/>
      <skill id="Trade" value="0"/>
      <skill id="Steward" value="0"/>
      <skill id="Medicine" value="0"/>
      <skill id="Engineering" value="0"/>
    </skills>
    <Traits>
      <Trait id="Calculating" value="-2"/>
      <Trait id="Generosity" value="0"/>
      <Trait id="Honor" value="1"/>
      <Trait id="Valor" value="2"/>
      <Trait id="Mercy" value="-1"/>
    </Traits>
	  <Equipments>
		  <EquipmentRoster>
			  <equipment slot="Item0" id="2haxe_2_t7" />
			  <equipment slot="Cape" id="Item.wrapped_scarf" />
			  <equipment slot="Body" id="Item.studded_leather_coat" />
			  <equipment slot="Leg" id="Item.steppe_leather_boots" />
		  </EquipmentRoster>
		  <EquipmentRoster civilian="true">
			  <equipment slot="Cape" id="Item.wrapped_scarf" />
			  <equipment slot="Body" id="Item.studded_leather_coat" />
			  <equipment slot="Leg" id="Item.steppe_leather_boots" />
		  </EquipmentRoster>
	  </Equipments>
  </NPCCharacter>
 <NPCCharacter id="rc_2haxe_chunluren_8" 
            name="淳陆仁 {FIRSTNAME}" 
            age="25" 
            voice="curt" 
            culture="Culture.khuzait" 
            default_group="Infantry" 
            is_template="true" 
            is_hero="false"
			is_female="false"
            occupation="Wanderer">
    <face>
		<BodyProperties version="4" age="35.54" weight="0.3431" build="0.2747"  key="0000AC0799CC100856B2579245654736D3D96DD9A2367A04588594678888866502E450240E79AC34000000000000000000000000000000000000000001C84002"  />
		<BodyPropertiesMax version="4" age="35.54" weight="0.3431" build="0.2747"  key="0000AC0799CC100856B2579245654736D3D96DD9A2367A04588594678888866502E450240E79AC34000000000000000000000000000000000000000001C84002"  />
	</face>
    <skills>
      <skill id="OneHanded" value="0"/>
      <skill id="TwoHanded" value="500"/>
      <skill id="Polearm" value="0"/>
      <skill id="Bow" value="0"/>
      <skill id="Crossbow" value="0"/>
      <skill id="Throwing" value="0"/>
      <skill id="Riding" value="0"/>
      <skill id="Athletics" value="1000"/>
      <skill id="Crafting" value="0"/>
      <skill id="Scouting" value="0"/>
      <skill id="Tactics" value="0"/>
      <skill id="Roguery" value="0"/>
      <skill id="Charm" value="0"/>
      <skill id="Leadership" value="0"/>
      <skill id="Trade" value="0"/>
      <skill id="Steward" value="0"/>
      <skill id="Medicine" value="0"/>
      <skill id="Engineering" value="0"/>
    </skills>
    <Traits>
      <Trait id="Calculating" value="-2"/>
      <Trait id="Generosity" value="0"/>
      <Trait id="Honor" value="1"/>
      <Trait id="Valor" value="2"/>
      <Trait id="Mercy" value="-1"/>
    </Traits>
	  <Equipments>
		  <EquipmentRoster>
			  <equipment slot="Item0" id="2haxe_2_t7" />
			  <equipment slot="Cape" id="Item.wrapped_scarf" />
			  <equipment slot="Body" id="Item.studded_leather_coat" />
			  <equipment slot="Leg" id="Item.steppe_leather_boots" />
		  </EquipmentRoster>
		  <EquipmentRoster civilian="true">
			  <equipment slot="Cape" id="Item.wrapped_scarf" />
			  <equipment slot="Body" id="Item.studded_leather_coat" />
			  <equipment slot="Leg" id="Item.steppe_leather_boots" />
		  </EquipmentRoster>
	  </Equipments>
  </NPCCharacter>
 <NPCCharacter id="rc_2haxe_chunluren_9" 
            name="淳陆仁 {FIRSTNAME}" 
            age="25" 
            voice="curt" 
            culture="Culture.khuzait" 
            default_group="Infantry" 
            is_template="true" 
            is_hero="false"
			is_female="false"
            occupation="Wanderer">
    <face>
		<BodyProperties version="4" age="35.54" weight="0.3431" build="0.2747"  key="0000AC0799CC100856B2579245654736D3D96DD9A2367A04588594678888866502E450240E79AC34000000000000000000000000000000000000000001C84002"  />
		<BodyPropertiesMax version="4" age="35.54" weight="0.3431" build="0.2747"  key="0000AC0799CC100856B2579245654736D3D96DD9A2367A04588594678888866502E450240E79AC34000000000000000000000000000000000000000001C84002"  />
	</face>
    <skills>
      <skill id="OneHanded" value="0"/>
      <skill id="TwoHanded" value="500"/>
      <skill id="Polearm" value="0"/>
      <skill id="Bow" value="0"/>
      <skill id="Crossbow" value="0"/>
      <skill id="Throwing" value="0"/>
      <skill id="Riding" value="0"/>
      <skill id="Athletics" value="1000"/>
      <skill id="Crafting" value="0"/>
      <skill id="Scouting" value="0"/>
      <skill id="Tactics" value="0"/>
      <skill id="Roguery" value="0"/>
      <skill id="Charm" value="0"/>
      <skill id="Leadership" value="0"/>
      <skill id="Trade" value="0"/>
      <skill id="Steward" value="0"/>
      <skill id="Medicine" value="0"/>
      <skill id="Engineering" value="0"/>
    </skills>
    <Traits>
      <Trait id="Calculating" value="-2"/>
      <Trait id="Generosity" value="0"/>
      <Trait id="Honor" value="1"/>
      <Trait id="Valor" value="2"/>
      <Trait id="Mercy" value="-1"/>
    </Traits>
	  <Equipments>
		  <EquipmentRoster>
			  <equipment slot="Item0" id="2haxe_2_t7" />
			  <equipment slot="Cape" id="Item.wrapped_scarf" />
			  <equipment slot="Body" id="Item.studded_leather_coat" />
			  <equipment slot="Leg" id="Item.steppe_leather_boots" />
		  </EquipmentRoster>
		  <EquipmentRoster civilian="true">
			  <equipment slot="Cape" id="Item.wrapped_scarf" />
			  <equipment slot="Body" id="Item.studded_leather_coat" />
			  <equipment slot="Leg" id="Item.steppe_leather_boots" />
		  </EquipmentRoster>
	  </Equipments>
  </NPCCharacter>
  
 <NPCCharacter id="rc_2haxe_chunluren_10" 
            name="淳陆仁 {FIRSTNAME}" 
            age="25" 
            voice="curt" 
            culture="Culture.khuzait" 
            default_group="Infantry" 
            is_template="true" 
            is_hero="false"
			is_female="false"
            occupation="Wanderer">
    <face>
		<BodyProperties version="4" age="35.54" weight="0.3431" build="0.2747"  key="0000AC0799CC100856B2579245654736D3D96DD9A2367A04588594678888866502E450240E79AC34000000000000000000000000000000000000000001C84002"  />
		<BodyPropertiesMax version="4" age="35.54" weight="0.3431" build="0.2747"  key="0000AC0799CC100856B2579245654736D3D96DD9A2367A04588594678888866502E450240E79AC34000000000000000000000000000000000000000001C84002"  />
	</face>
    <skills>
      <skill id="OneHanded" value="0"/>
      <skill id="TwoHanded" value="500"/>
      <skill id="Polearm" value="0"/>
      <skill id="Bow" value="0"/>
      <skill id="Crossbow" value="0"/>
      <skill id="Throwing" value="0"/>
      <skill id="Riding" value="0"/>
      <skill id="Athletics" value="1000"/>
      <skill id="Crafting" value="0"/>
      <skill id="Scouting" value="0"/>
      <skill id="Tactics" value="0"/>
      <skill id="Roguery" value="0"/>
      <skill id="Charm" value="0"/>
      <skill id="Leadership" value="0"/>
      <skill id="Trade" value="0"/>
      <skill id="Steward" value="0"/>
      <skill id="Medicine" value="0"/>
      <skill id="Engineering" value="0"/>
    </skills>
    <Traits>
      <Trait id="Calculating" value="-2"/>
      <Trait id="Generosity" value="0"/>
      <Trait id="Honor" value="1"/>
      <Trait id="Valor" value="2"/>
      <Trait id="Mercy" value="-1"/>
    </Traits>
	  <Equipments>
		  <EquipmentRoster>
			  <equipment slot="Item0" id="2haxe_2_t7" />
			  <equipment slot="Cape" id="Item.wrapped_scarf" />
			  <equipment slot="Body" id="Item.studded_leather_coat" />
			  <equipment slot="Leg" id="Item.steppe_leather_boots" />
		  </EquipmentRoster>
		  <EquipmentRoster civilian="true">
			  <equipment slot="Cape" id="Item.wrapped_scarf" />
			  <equipment slot="Body" id="Item.studded_leather_coat" />
			  <equipment slot="Leg" id="Item.steppe_leather_boots" />
		  </EquipmentRoster>
	  </Equipments>
  </NPCCharacter>

 <NPCCharacter id="rc_2haxe_chunluren_11" 
            name="淳陆仁 {FIRSTNAME}" 
            age="25" 
            voice="curt" 
            culture="Culture.khuzait" 
            default_group="Infantry" 
            is_template="true" 
            is_hero="false"
			is_female="false"
            occupation="Wanderer">
    <face>
		<BodyProperties version="4" age="35.54" weight="0.3431" build="0.2747"  key="0000AC0799CC100856B2579245654736D3D96DD9A2367A04588594678888866502E450240E79AC34000000000000000000000000000000000000000001C84002"  />
		<BodyPropertiesMax version="4" age="35.54" weight="0.3431" build="0.2747"  key="0000AC0799CC100856B2579245654736D3D96DD9A2367A04588594678888866502E450240E79AC34000000000000000000000000000000000000000001C84002"  />
	</face>
    <skills>
      <skill id="OneHanded" value="0"/>
      <skill id="TwoHanded" value="500"/>
      <skill id="Polearm" value="0"/>
      <skill id="Bow" value="0"/>
      <skill id="Crossbow" value="0"/>
      <skill id="Throwing" value="0"/>
      <skill id="Riding" value="0"/>
      <skill id="Athletics" value="1000"/>
      <skill id="Crafting" value="0"/>
      <skill id="Scouting" value="0"/>
      <skill id="Tactics" value="0"/>
      <skill id="Roguery" value="0"/>
      <skill id="Charm" value="0"/>
      <skill id="Leadership" value="0"/>
      <skill id="Trade" value="0"/>
      <skill id="Steward" value="0"/>
      <skill id="Medicine" value="0"/>
      <skill id="Engineering" value="0"/>
    </skills>
    <Traits>
      <Trait id="Calculating" value="-2"/>
      <Trait id="Generosity" value="0"/>
      <Trait id="Honor" value="1"/>
      <Trait id="Valor" value="2"/>
      <Trait id="Mercy" value="-1"/>
    </Traits>
	  <Equipments>
		  <EquipmentRoster>
			  <equipment slot="Item0" id="2haxe_2_t7" />
			  <equipment slot="Cape" id="Item.wrapped_scarf" />
			  <equipment slot="Body" id="Item.studded_leather_coat" />
			  <equipment slot="Leg" id="Item.steppe_leather_boots" />
		  </EquipmentRoster>
		  <EquipmentRoster civilian="true">
			  <equipment slot="Cape" id="Item.wrapped_scarf" />
			  <equipment slot="Body" id="Item.studded_leather_coat" />
			  <equipment slot="Leg" id="Item.steppe_leather_boots" />
		  </EquipmentRoster>
	  </Equipments>
  </NPCCharacter>
 <NPCCharacter id="rc_2haxe_chunluren_12" 
            name="淳陆仁 {FIRSTNAME}" 
            age="25" 
            voice="curt" 
            culture="Culture.khuzait" 
            default_group="Infantry" 
            is_template="true" 
            is_hero="false"
			is_female="false"
            occupation="Wanderer">
    <face>
		<BodyProperties version="4" age="35.54" weight="0.3431" build="0.2747"  key="0000AC0799CC100856B2579245654736D3D96DD9A2367A04588594678888866502E450240E79AC34000000000000000000000000000000000000000001C84002"  />
		<BodyPropertiesMax version="4" age="35.54" weight="0.3431" build="0.2747"  key="0000AC0799CC100856B2579245654736D3D96DD9A2367A04588594678888866502E450240E79AC34000000000000000000000000000000000000000001C84002"  />
	</face>
    <skills>
      <skill id="OneHanded" value="0"/>
      <skill id="TwoHanded" value="500"/>
      <skill id="Polearm" value="0"/>
      <skill id="Bow" value="0"/>
      <skill id="Crossbow" value="0"/>
      <skill id="Throwing" value="0"/>
      <skill id="Riding" value="0"/>
      <skill id="Athletics" value="1000"/>
      <skill id="Crafting" value="0"/>
      <skill id="Scouting" value="0"/>
      <skill id="Tactics" value="0"/>
      <skill id="Roguery" value="0"/>
      <skill id="Charm" value="0"/>
      <skill id="Leadership" value="0"/>
      <skill id="Trade" value="0"/>
      <skill id="Steward" value="0"/>
      <skill id="Medicine" value="0"/>
      <skill id="Engineering" value="0"/>
    </skills>
    <Traits>
      <Trait id="Calculating" value="-2"/>
      <Trait id="Generosity" value="0"/>
      <Trait id="Honor" value="1"/>
      <Trait id="Valor" value="2"/>
      <Trait id="Mercy" value="-1"/>
    </Traits>
	  <Equipments>
		  <EquipmentRoster>
			  <equipment slot="Item0" id="2haxe_2_t7" />
			  <equipment slot="Cape" id="Item.wrapped_scarf" />
			  <equipment slot="Body" id="Item.studded_leather_coat" />
			  <equipment slot="Leg" id="Item.steppe_leather_boots" />
		  </EquipmentRoster>
		  <EquipmentRoster civilian="true">
			  <equipment slot="Cape" id="Item.wrapped_scarf" />
			  <equipment slot="Body" id="Item.studded_leather_coat" />
			  <equipment slot="Leg" id="Item.steppe_leather_boots" />
		  </EquipmentRoster>
	  </Equipments>
  </NPCCharacter>
 <NPCCharacter id="rc_vlandia_sqs" 
            name="圣骑士 {FIRSTNAME}" 
            age="21" 
            voice="curt" 
            culture="Culture.vlandia" 
            default_group="Infantry" 
            is_template="true" 
            is_hero="false"
			      is_female="true"
            occupation="Wanderer">
    <face>
		 <BodyProperties version="4" age="21.13" weight="0" build="0.0216"  key="0000000012B40007508008320186D21015C784535DCF18058873073161EE637000400602049100000000000000000000000000000000000000000000309440C3"  />
     <BodyPropertiesMax version="4" age="21.13" weight="0" build="0.0216"  key="0000000012B40007508008320186D21015C784535DCF18058873073161EE637000400602049100000000000000000000000000000000000000000000309440C3"  />
  	</face>
    <skills>
      <skill id="OneHanded" value="200"/>
      <skill id="TwoHanded" value="120"/>
      <skill id="Polearm" value="350"/>
      <skill id="Bow" value="0"/>
      <skill id="Crossbow" value="0"/>
      <skill id="Throwing" value="0"/>
      <skill id="Riding" value="310"/>
      <skill id="Athletics" value="280"/>
      <skill id="Crafting" value="0"/>
      <skill id="Scouting" value="0"/>
      <skill id="Tactics" value="300"/>
      <skill id="Roguery" value="0"/>
      <skill id="Charm" value="0"/>
      <skill id="Leadership" value="0"/>
      <skill id="Trade" value="0"/>
      <skill id="Steward" value="0"/>
      <skill id="Medicine" value="50"/>
      <skill id="Engineering" value="0"/>
    </skills>
    <Traits>
      <Trait id="Calculating" value="1"/>
      <Trait id="Generosity" value="1"/>
      <Trait id="Honor" value="0"/>
      <Trait id="Valor" value="1"/>
      <Trait id="Mercy" value="0"/>
    </Traits>
    <Equipments>
      <EquipmentRoster />
      <EquipmentSet id="rc_vla_bat_template_sqs" />
      <EquipmentSet id="npc_wanderer_equipment_template_vlandia_civilian"
                    civilian="true" />
     </Equipments>
  </NPCCharacter>
 <NPCCharacter id="rc_vlandia_sqs_2" 
            name="圣骑士 {FIRSTNAME}" 
            age="21" 
            voice="curt" 
            culture="Culture.vlandia" 
            default_group="Infantry" 
            is_template="true" 
            is_hero="false"
			      is_female="true"
            occupation="Wanderer">
    <face>
		 <BodyProperties version="4" age="21.13" weight="0" build="0.0216"  key="0000000012B40007508008320186D21015C784535DCF18058873073161EE637000400602049100000000000000000000000000000000000000000000309440C3"  />
     <BodyPropertiesMax version="4" age="21.13" weight="0" build="0.0216"  key="0000000012B40007508008320186D21015C784535DCF18058873073161EE637000400602049100000000000000000000000000000000000000000000309440C3"  />
  	</face>
    <skills>
      <skill id="OneHanded" value="200"/>
      <skill id="TwoHanded" value="120"/>
      <skill id="Polearm" value="350"/>
      <skill id="Bow" value="0"/>
      <skill id="Crossbow" value="0"/>
      <skill id="Throwing" value="0"/>
      <skill id="Riding" value="310"/>
      <skill id="Athletics" value="280"/>
      <skill id="Crafting" value="0"/>
      <skill id="Scouting" value="0"/>
      <skill id="Tactics" value="300"/>
      <skill id="Roguery" value="0"/>
      <skill id="Charm" value="0"/>
      <skill id="Leadership" value="0"/>
      <skill id="Trade" value="0"/>
      <skill id="Steward" value="0"/>
      <skill id="Medicine" value="50"/>
      <skill id="Engineering" value="0"/>
    </skills>
    <Traits>
      <Trait id="Calculating" value="1"/>
      <Trait id="Generosity" value="1"/>
      <Trait id="Honor" value="0"/>
      <Trait id="Valor" value="1"/>
      <Trait id="Mercy" value="0"/>
    </Traits>
    <Equipments>
      <EquipmentRoster />
      <EquipmentSet id="rc_vla_bat_template_sqs" />
      <EquipmentSet id="npc_wanderer_equipment_template_vlandia_civilian"
                    civilian="true" />
     </Equipments>
  </NPCCharacter>
 <NPCCharacter id="rc_vlandia_sqs_3" 
            name="圣骑士 {FIRSTNAME}" 
            age="21" 
            voice="curt" 
            culture="Culture.vlandia" 
            default_group="Infantry" 
            is_template="true" 
            is_hero="false"
			      is_female="true"
            occupation="Wanderer">
    <face>
		 <BodyProperties version="4" age="21.13" weight="0" build="0.0216"  key="0000000012B40007508008320186D21015C784535DCF18058873073161EE637000400602049100000000000000000000000000000000000000000000309440C3"  />
     <BodyPropertiesMax version="4" age="21.13" weight="0" build="0.0216"  key="0000000012B40007508008320186D21015C784535DCF18058873073161EE637000400602049100000000000000000000000000000000000000000000309440C3"  />
  	</face>
    <skills>
      <skill id="OneHanded" value="200"/>
      <skill id="TwoHanded" value="120"/>
      <skill id="Polearm" value="350"/>
      <skill id="Bow" value="0"/>
      <skill id="Crossbow" value="0"/>
      <skill id="Throwing" value="0"/>
      <skill id="Riding" value="310"/>
      <skill id="Athletics" value="280"/>
      <skill id="Crafting" value="0"/>
      <skill id="Scouting" value="0"/>
      <skill id="Tactics" value="300"/>
      <skill id="Roguery" value="0"/>
      <skill id="Charm" value="0"/>
      <skill id="Leadership" value="0"/>
      <skill id="Trade" value="0"/>
      <skill id="Steward" value="0"/>
      <skill id="Medicine" value="50"/>
      <skill id="Engineering" value="0"/>
    </skills>
    <Traits>
      <Trait id="Calculating" value="1"/>
      <Trait id="Generosity" value="1"/>
      <Trait id="Honor" value="0"/>
      <Trait id="Valor" value="1"/>
      <Trait id="Mercy" value="0"/>
    </Traits>
    <Equipments>
      <EquipmentRoster />
      <EquipmentSet id="rc_vla_bat_template_sqs" />
      <EquipmentSet id="npc_wanderer_equipment_template_vlandia_civilian"
                    civilian="true" />
     </Equipments>
  </NPCCharacter>
 <NPCCharacter id="rc_vlandia_sqs_4" 
            name="圣骑士 {FIRSTNAME}" 
            age="21" 
            voice="curt" 
            culture="Culture.vlandia" 
            default_group="Infantry" 
            is_template="true" 
            is_hero="false"
			      is_female="true"
            occupation="Wanderer">
    <face>
		 <BodyProperties version="4" age="21.13" weight="0" build="0.0216"  key="0000000012B40007508008320186D21015C784535DCF18058873073161EE637000400602049100000000000000000000000000000000000000000000309440C3"  />
     <BodyPropertiesMax version="4" age="21.13" weight="0" build="0.0216"  key="0000000012B40007508008320186D21015C784535DCF18058873073161EE637000400602049100000000000000000000000000000000000000000000309440C3"  />
  	</face>
    <skills>
      <skill id="OneHanded" value="200"/>
      <skill id="TwoHanded" value="120"/>
      <skill id="Polearm" value="350"/>
      <skill id="Bow" value="0"/>
      <skill id="Crossbow" value="0"/>
      <skill id="Throwing" value="0"/>
      <skill id="Riding" value="310"/>
      <skill id="Athletics" value="280"/>
      <skill id="Crafting" value="0"/>
      <skill id="Scouting" value="0"/>
      <skill id="Tactics" value="300"/>
      <skill id="Roguery" value="0"/>
      <skill id="Charm" value="0"/>
      <skill id="Leadership" value="0"/>
      <skill id="Trade" value="0"/>
      <skill id="Steward" value="0"/>
      <skill id="Medicine" value="50"/>
      <skill id="Engineering" value="0"/>
    </skills>
    <Traits>
      <Trait id="Calculating" value="1"/>
      <Trait id="Generosity" value="1"/>
      <Trait id="Honor" value="0"/>
      <Trait id="Valor" value="1"/>
      <Trait id="Mercy" value="0"/>
    </Traits>
    <Equipments>
      <EquipmentRoster />
      <EquipmentSet id="rc_vla_bat_template_sqs" />
      <EquipmentSet id="npc_wanderer_equipment_template_vlandia_civilian"
                    civilian="true" />
     </Equipments>
  </NPCCharacter>
 <NPCCharacter id="rc_vlandia_sqs_5" 
            name="圣骑士 {FIRSTNAME}" 
            age="21" 
            voice="curt" 
            culture="Culture.vlandia" 
            default_group="Infantry" 
            is_template="true" 
            is_hero="false"
			      is_female="true"
            occupation="Wanderer">
    <face>
		 <BodyProperties version="4" age="21.13" weight="0" build="0.0216"  key="0000000012B40007508008320186D21015C784535DCF18058873073161EE637000400602049100000000000000000000000000000000000000000000309440C3"  />
     <BodyPropertiesMax version="4" age="21.13" weight="0" build="0.0216"  key="0000000012B40007508008320186D21015C784535DCF18058873073161EE637000400602049100000000000000000000000000000000000000000000309440C3"  />
  	</face>
    <skills>
      <skill id="OneHanded" value="200"/>
      <skill id="TwoHanded" value="120"/>
      <skill id="Polearm" value="350"/>
      <skill id="Bow" value="0"/>
      <skill id="Crossbow" value="0"/>
      <skill id="Throwing" value="0"/>
      <skill id="Riding" value="310"/>
      <skill id="Athletics" value="280"/>
      <skill id="Crafting" value="0"/>
      <skill id="Scouting" value="0"/>
      <skill id="Tactics" value="300"/>
      <skill id="Roguery" value="0"/>
      <skill id="Charm" value="0"/>
      <skill id="Leadership" value="0"/>
      <skill id="Trade" value="0"/>
      <skill id="Steward" value="0"/>
      <skill id="Medicine" value="50"/>
      <skill id="Engineering" value="0"/>
    </skills>
    <Traits>
      <Trait id="Calculating" value="1"/>
      <Trait id="Generosity" value="1"/>
      <Trait id="Honor" value="0"/>
      <Trait id="Valor" value="1"/>
      <Trait id="Mercy" value="0"/>
    </Traits>
    <Equipments>
      <EquipmentRoster />
      <EquipmentSet id="rc_vla_bat_template_sqs" />
      <EquipmentSet id="npc_wanderer_equipment_template_vlandia_civilian"
                    civilian="true" />
     </Equipments>
  </NPCCharacter>
 <NPCCharacter id="rc_empire_jzqs" 
            name="黎明骑士团团长 {FIRSTNAME}" 
            age="24" 
            voice="curt" 
            culture="Culture.empire" 
            default_group="Infantry" 
            is_template="true" 
            is_hero="false"
			      is_female="false"
            occupation="Wanderer">
    <face>
		 <BodyProperties version="4" age="24.23" weight="0.0346" build="0.865"  key="000DB80FC00037017C7664876753888A7577866254C69643C4B647398C95A03700AD16030AA7497300000000000000000000000000000000000000003B647002"  />
     <BodyPropertiesMax version="4" age="24.23" weight="0.0346" build="0.865"  key="000DB80FC00037017C7664876753888A7577866254C69643C4B647398C95A03700AD16030AA7497300000000000000000000000000000000000000003B647002"  />
    </face>
    <skills>
      <skill id="OneHanded" value="200"/>
      <skill id="TwoHanded" value="120"/>
      <skill id="Polearm" value="350"/>
      <skill id="Bow" value="0"/>
      <skill id="Crossbow" value="0"/>
      <skill id="Throwing" value="0"/>
      <skill id="Riding" value="310"/>
      <skill id="Athletics" value="280"/>
      <skill id="Crafting" value="0"/>
      <skill id="Scouting" value="0"/>
      <skill id="Tactics" value="300"/>
      <skill id="Roguery" value="0"/>
      <skill id="Charm" value="0"/>
      <skill id="Leadership" value="0"/>
      <skill id="Trade" value="0"/>
      <skill id="Steward" value="0"/>
      <skill id="Medicine" value="50"/>
      <skill id="Engineering" value="0"/>
    </skills>
    <Traits>
      <Trait id="Calculating" value="0"/>
      <Trait id="Generosity" value="0"/>
      <Trait id="Honor" value="2"/>
      <Trait id="Valor" value="1"/>
      <Trait id="Mercy" value="0"/>
    </Traits>
    <Equipments>
      <EquipmentRoster />
      <EquipmentSet id="rc_emp_bat_template_jzqs" />
      <EquipmentSet id="npc_wanderer_equipment_template_empire_civilian"
                    civilian="true" />
     </Equipments>
  </NPCCharacter>
 <NPCCharacter id="rc_empire_jzqs2" 
            name="黎明骑士团团长 {FIRSTNAME}" 
            age="24" 
            voice="curt" 
            culture="Culture.empire" 
            default_group="Infantry" 
            is_template="true" 
            is_hero="false"
			      is_female="false"
            occupation="Wanderer">
    <face>
		 <BodyProperties version="4" age="24.23" weight="0.0346" build="0.865"  key="000DB80FC00037017C7664876753888A7577866254C69643C4B647398C95A03700AD16030AA7497300000000000000000000000000000000000000003B647002"  />
     <BodyPropertiesMax version="4" age="24.23" weight="0.0346" build="0.865"  key="000DB80FC00037017C7664876753888A7577866254C69643C4B647398C95A03700AD16030AA7497300000000000000000000000000000000000000003B647002"  />
    </face>
    <skills>
      <skill id="OneHanded" value="200"/>
      <skill id="TwoHanded" value="120"/>
      <skill id="Polearm" value="350"/>
      <skill id="Bow" value="0"/>
      <skill id="Crossbow" value="0"/>
      <skill id="Throwing" value="0"/>
      <skill id="Riding" value="310"/>
      <skill id="Athletics" value="280"/>
      <skill id="Crafting" value="0"/>
      <skill id="Scouting" value="0"/>
      <skill id="Tactics" value="300"/>
      <skill id="Roguery" value="0"/>
      <skill id="Charm" value="0"/>
      <skill id="Leadership" value="0"/>
      <skill id="Trade" value="0"/>
      <skill id="Steward" value="0"/>
      <skill id="Medicine" value="50"/>
      <skill id="Engineering" value="0"/>
    </skills>
    <Traits>
      <Trait id="Calculating" value="0"/>
      <Trait id="Generosity" value="0"/>
      <Trait id="Honor" value="2"/>
      <Trait id="Valor" value="1"/>
      <Trait id="Mercy" value="0"/>
    </Traits>
    <Equipments>
      <EquipmentRoster />
      <EquipmentSet id="rc_emp_bat_template_jzqs" />
      <EquipmentSet id="npc_wanderer_equipment_template_empire_civilian"
                    civilian="true" />
     </Equipments>
  </NPCCharacter>
 <NPCCharacter id="rc_empire_jzqs3" 
            name="黎明骑士团团长 {FIRSTNAME}" 
            age="24" 
            voice="curt" 
            culture="Culture.empire" 
            default_group="Infantry" 
            is_template="true" 
            is_hero="false"
			      is_female="false"
            occupation="Wanderer">
    <face>
		 <BodyProperties version="4" age="24.23" weight="0.0346" build="0.865"  key="000DB80FC00037017C7664876753888A7577866254C69643C4B647398C95A03700AD16030AA7497300000000000000000000000000000000000000003B647002"  />
     <BodyPropertiesMax version="4" age="24.23" weight="0.0346" build="0.865"  key="000DB80FC00037017C7664876753888A7577866254C69643C4B647398C95A03700AD16030AA7497300000000000000000000000000000000000000003B647002"  />
    </face>
    <skills>
      <skill id="OneHanded" value="200"/>
      <skill id="TwoHanded" value="120"/>
      <skill id="Polearm" value="350"/>
      <skill id="Bow" value="0"/>
      <skill id="Crossbow" value="0"/>
      <skill id="Throwing" value="0"/>
      <skill id="Riding" value="310"/>
      <skill id="Athletics" value="280"/>
      <skill id="Crafting" value="0"/>
      <skill id="Scouting" value="0"/>
      <skill id="Tactics" value="300"/>
      <skill id="Roguery" value="0"/>
      <skill id="Charm" value="0"/>
      <skill id="Leadership" value="0"/>
      <skill id="Trade" value="0"/>
      <skill id="Steward" value="0"/>
      <skill id="Medicine" value="50"/>
      <skill id="Engineering" value="0"/>
    </skills>
    <Traits>
      <Trait id="Calculating" value="0"/>
      <Trait id="Generosity" value="0"/>
      <Trait id="Honor" value="2"/>
      <Trait id="Valor" value="1"/>
      <Trait id="Mercy" value="0"/>
    </Traits>
    <Equipments>
      <EquipmentRoster />
      <EquipmentSet id="rc_emp_bat_template_jzqs" />
      <EquipmentSet id="npc_wanderer_equipment_template_empire_civilian"
                    civilian="true" />
     </Equipments>
  </NPCCharacter>
 <NPCCharacter id="rc_empire_jzqs4" 
            name="黎明骑士团团长 {FIRSTNAME}" 
            age="24" 
            voice="curt" 
            culture="Culture.empire" 
            default_group="Infantry" 
            is_template="true" 
            is_hero="false"
			      is_female="false"
            occupation="Wanderer">
    <face>
		 <BodyProperties version="4" age="24.23" weight="0.0346" build="0.865"  key="000DB80FC00037017C7664876753888A7577866254C69643C4B647398C95A03700AD16030AA7497300000000000000000000000000000000000000003B647002"  />
     <BodyPropertiesMax version="4" age="24.23" weight="0.0346" build="0.865"  key="000DB80FC00037017C7664876753888A7577866254C69643C4B647398C95A03700AD16030AA7497300000000000000000000000000000000000000003B647002"  />
    </face>
    <skills>
      <skill id="OneHanded" value="200"/>
      <skill id="TwoHanded" value="120"/>
      <skill id="Polearm" value="350"/>
      <skill id="Bow" value="0"/>
      <skill id="Crossbow" value="0"/>
      <skill id="Throwing" value="0"/>
      <skill id="Riding" value="310"/>
      <skill id="Athletics" value="280"/>
      <skill id="Crafting" value="0"/>
      <skill id="Scouting" value="0"/>
      <skill id="Tactics" value="300"/>
      <skill id="Roguery" value="0"/>
      <skill id="Charm" value="0"/>
      <skill id="Leadership" value="0"/>
      <skill id="Trade" value="0"/>
      <skill id="Steward" value="0"/>
      <skill id="Medicine" value="50"/>
      <skill id="Engineering" value="0"/>
    </skills>
    <Traits>
      <Trait id="Calculating" value="0"/>
      <Trait id="Generosity" value="0"/>
      <Trait id="Honor" value="2"/>
      <Trait id="Valor" value="1"/>
      <Trait id="Mercy" value="0"/>
    </Traits>
    <Equipments>
      <EquipmentRoster />
      <EquipmentSet id="rc_emp_bat_template_jzqs" />
      <EquipmentSet id="npc_wanderer_equipment_template_empire_civilian"
                    civilian="true" />
     </Equipments>
  </NPCCharacter>

 <NPCCharacter id="rc_empire_jzqs5" 
            name="黎明骑士团团长 {FIRSTNAME}" 
            age="24" 
            voice="curt" 
            culture="Culture.empire" 
            default_group="Infantry" 
            is_template="true" 
            is_hero="false"
			      is_female="false"
            occupation="Wanderer">
    <face>
		 <BodyProperties version="4" age="24.23" weight="0.0346" build="0.865"  key="000DB80FC00037017C7664876753888A7577866254C69643C4B647398C95A03700AD16030AA7497300000000000000000000000000000000000000003B647002"  />
     <BodyPropertiesMax version="4" age="24.23" weight="0.0346" build="0.865"  key="000DB80FC00037017C7664876753888A7577866254C69643C4B647398C95A03700AD16030AA7497300000000000000000000000000000000000000003B647002"  />
    </face>
    <skills>
      <skill id="OneHanded" value="200"/>
      <skill id="TwoHanded" value="120"/>
      <skill id="Polearm" value="350"/>
      <skill id="Bow" value="0"/>
      <skill id="Crossbow" value="0"/>
      <skill id="Throwing" value="0"/>
      <skill id="Riding" value="310"/>
      <skill id="Athletics" value="280"/>
      <skill id="Crafting" value="0"/>
      <skill id="Scouting" value="0"/>
      <skill id="Tactics" value="300"/>
      <skill id="Roguery" value="0"/>
      <skill id="Charm" value="0"/>
      <skill id="Leadership" value="0"/>
      <skill id="Trade" value="0"/>
      <skill id="Steward" value="0"/>
      <skill id="Medicine" value="50"/>
      <skill id="Engineering" value="0"/>
    </skills>
    <Traits>
      <Trait id="Calculating" value="0"/>
      <Trait id="Generosity" value="0"/>
      <Trait id="Honor" value="2"/>
      <Trait id="Valor" value="1"/>
      <Trait id="Mercy" value="0"/>
    </Traits>
    <Equipments>
      <EquipmentRoster />
      <EquipmentSet id="rc_emp_bat_template_jzqs" />
      <EquipmentSet id="npc_wanderer_equipment_template_empire_civilian"
                    civilian="true" />
     </Equipments>
  </NPCCharacter>
 </NPCCharacters>
