<?xml version="1.0" encoding="utf-8"?>
<strings>
	<!--<string id="prebackstory.rc_2haxe_chunluren" text="听说你这里在招募伙伴，没错我就是最强力的那种，要不聊聊？"/>
	<string id="backstory_a.rc_2haxe_chunluren" text="接下来我来讲讲我的来历吧。所有人首先会想我的伤疤哪里来的，这是因为一次奇妙的历险，全说完够吟游诗人唱两天了。"/>
	<string id="backstory_b.rc_2haxe_chunluren" text="看到我的斧子了没，虽然它这么长，但是我能把它舞得像旋风一样快，巴旦竞技场我可没少拿冠军。"/>
	<string id="backstory_c.rc_2haxe_chunluren" text="不过我已经厌烦了竞技场，我想去战场上杀敌。不过最好你有点心理准备，我已经不小心让两个贵族死在我斧子下面了。"/>
	<string id="response_1.rc_2haxe_chunluren" text="啊！！！这对雇主来说不是什么好事，少了很多赎金。不过我想只要你足够强，你的价值会远远超过赎金的损失。"/>
	<string id="response_2.rc_2haxe_chunluren" text="这么厉害的吗？好吧，虽然我没注意到竞技场排行榜，唔...不过我相信你肯定很厉害。你的专长是双手长斧吧，不过很多场合下效果并不好尤其是攻城战的时候。"/>
	<string id="backstory_d.rc_2haxe_chunluren" text="我的双手斧收割民兵可厉害了，只要不多的一点...嗯，第纳尔，我会让你见识到的。"/>
	<string id="generic_backstory.rc_2haxe_chunluren" text="那么我能否有幸成为你的伙伴呢？" />-->

	<string id="prebackstory.rc_2haxe_chunluren" text="这位朋友，食不食香翅捞饭？呃，其实我是想问你是否听说过一个叫“逍黒子”的人？他是来自灰勒塔的医生。如果你见过请务必告诉我，感激不尽！"/>
	<string id="backstory_a.rc_2haxe_chunluren" text="好吧，如你所见，我是一个为赎罪而生的战士，这里的游吟诗人也许传唱过关于我的故事，哦，那真是个糟糕的故事。两年半以前，珍德士尼亚出现了人畜共患的瘟病，而一切的根源在于我在好奇心驱使下触动了“古神”封印导致的。"/>
	<string id="backstory_b.rc_2haxe_chunluren" text="那是一场可怕的灾难，在贵人的指引下我死里逃生，但也受到了诅咒，每到夜里，古神的低语都会在我的脑海中“咕咕咕”地折磨我！但最让我痛苦的是，我害了许多无辜的人，还有我那可怜的梅狸猫。唉！明明有人警告过我不能靠近，结果还是……我真该死啊！不，但现在还不能，如今我背负着拯救珍德士尼亚的重任。"/>
	<string id="backstory_c.rc_2haxe_chunluren" text="我的救命恩人告诉我:“想要挽救这一切！只有找到灰勒塔的医生，用灰勒塔的乾兔和灰勒塔的冥鱼调制解药，才能解除咕神的诅咒。而关于他最后的消息是，他已踏上了卡拉狄亚大陆，正在寻找可能成为霸主的命运之子。"/>
	<string id="response_1.rc_2haxe_chunluren" text="真不知道该说你是幸运还是不幸！好吧，起码你的坚韧让人敬佩。"/>
	<string id="response_2.rc_2haxe_chunluren" text="但凡跟神或神殿扯上关系准没啥好事，我想绝大多数人都不想惹一身的麻烦。"/>
	<string id="backstory_d.rc_2haxe_chunluren" text="我看好你，如果你想成为卡拉狄亚霸主，那么我愿意成为你的利斧，这样也许能更快找到“逍黒子”！当然，前提是不与神殿合作。"/>
	<string id="generic_backstory.rc_2haxe_chunluren" text="那么我能否有幸成为你的伙伴呢？" />

	<string id="prebackstory.rc_2haxe_chunluren_2" text="这位朋友，食不食香翅捞饭？呃，其实我是想问你是否听说过一个叫“逍黒子”的人？他是来自灰勒塔的医生。如果你见过请务必告诉我，感激不尽！"/>
	<string id="backstory_a.rc_2haxe_chunluren_2" text="好吧，如你所见，我是一个为赎罪而生的战士，这里的游吟诗人也许传唱过关于我的故事，哦，那真是个糟糕的故事。两年半以前，珍德士尼亚出现了人畜共患的瘟病，而一切的根源在于我在好奇心驱使下触动了“古神”封印导致的。"/>
	<string id="backstory_b.rc_2haxe_chunluren_2" text="那是一场可怕的灾难，在贵人的指引下我死里逃生，但也受到了诅咒，每到夜里，古神的低语都会在我的脑海中“咕咕咕”地折磨我！但最让我痛苦的是，我害了许多无辜的人，还有我那可怜的梅狸猫。唉！明明有人警告过我不能靠近，结果还是……我真该死啊！不，但现在还不能，如今我背负着拯救珍德士尼亚的重任。"/>
	<string id="backstory_c.rc_2haxe_chunluren_2" text="我的救命恩人告诉我:“想要挽救这一切！只有找到灰勒塔的医生，用灰勒塔的乾兔和灰勒塔的冥鱼调制解药，才能解除咕神的诅咒。而关于他最后的消息是，他已踏上了卡拉狄亚大陆，正在寻找可能成为霸主的命运之子。"/>
	<string id="response_1.rc_2haxe_chunluren_2" text="真不知道该说你是幸运还是不幸！好吧，起码你的坚韧让人敬佩。"/>
	<string id="response_2.rc_2haxe_chunluren_2" text="但凡跟神或神殿扯上关系准没啥好事，我想绝大多数人都不想惹一身的麻烦。"/>
	<string id="backstory_d.rc_2haxe_chunluren_2" text="我看好你，如果你想成为卡拉狄亚霸主，那么我愿意成为你的利斧，这样也许能更快找到“逍黒子”！当然，前提是不与神殿合作。"/>
	<string id="generic_backstory.rc_2haxe_chunluren_2" text="那么我能否有幸成为你的伙伴呢？" />

	<string id="prebackstory.rc_2haxe_chunluren_3" text="这位朋友，食不食香翅捞饭？呃，其实我是想问你是否听说过一个叫“逍黒子”的人？他是来自灰勒塔的医生。如果你见过请务必告诉我，感激不尽！"/>
	<string id="backstory_a.rc_2haxe_chunluren_3" text="好吧，如你所见，我是一个为赎罪而生的战士，这里的游吟诗人也许传唱过关于我的故事，哦，那真是个糟糕的故事。两年半以前，珍德士尼亚出现了人畜共患的瘟病，而一切的根源在于我在好奇心驱使下触动了“古神”封印导致的。"/>
	<string id="backstory_b.rc_2haxe_chunluren_3" text="那是一场可怕的灾难，在贵人的指引下我死里逃生，但也受到了诅咒，每到夜里，古神的低语都会在我的脑海中“咕咕咕”地折磨我！但最让我痛苦的是，我害了许多无辜的人，还有我那可怜的梅狸猫。唉！明明有人警告过我不能靠近，结果还是……我真该死啊！不，但现在还不能，如今我背负着拯救珍德士尼亚的重任。"/>
	<string id="backstory_c.rc_2haxe_chunluren_3" text="我的救命恩人告诉我:“想要挽救这一切！只有找到灰勒塔的医生，用灰勒塔的乾兔和灰勒塔的冥鱼调制解药，才能解除咕神的诅咒。而关于他最后的消息是，他已踏上了卡拉狄亚大陆，正在寻找可能成为霸主的命运之子。"/>
	<string id="response_1.rc_2haxe_chunluren_3" text="真不知道该说你是幸运还是不幸！好吧，起码你的坚韧让人敬佩。"/>
	<string id="response_2.rc_2haxe_chunluren_3" text="但凡跟神或神殿扯上关系准没啥好事，我想绝大多数人都不想惹一身的麻烦。"/>
	<string id="backstory_d.rc_2haxe_chunluren_3" text="我看好你，如果你想成为卡拉狄亚霸主，那么我愿意成为你的利斧，这样也许能更快找到“逍黒子”！当然，前提是不与神殿合作。"/>
	<string id="generic_backstory.rc_2haxe_chunluren_3" text="那么我能否有幸成为你的伙伴呢？" />

	<string id="prebackstory.rc_2haxe_chunluren_4" text="这位朋友，食不食香翅捞饭？呃，其实我是想问你是否听说过一个叫“逍黒子”的人？他是来自灰勒塔的医生。如果你见过请务必告诉我，感激不尽！"/>
	<string id="backstory_a.rc_2haxe_chunluren_4" text="好吧，如你所见，我是一个为赎罪而生的战士，这里的游吟诗人也许传唱过关于我的故事，哦，那真是个糟糕的故事。两年半以前，珍德士尼亚出现了人畜共患的瘟病，而一切的根源在于我在好奇心驱使下触动了“古神”封印导致的。"/>
	<string id="backstory_b.rc_2haxe_chunluren_4" text="那是一场可怕的灾难，在贵人的指引下我死里逃生，但也受到了诅咒，每到夜里，古神的低语都会在我的脑海中“咕咕咕”地折磨我！但最让我痛苦的是，我害了许多无辜的人，还有我那可怜的梅狸猫。唉！明明有人警告过我不能靠近，结果还是……我真该死啊！不，但现在还不能，如今我背负着拯救珍德士尼亚的重任。"/>
	<string id="backstory_c.rc_2haxe_chunluren_4" text="我的救命恩人告诉我:“想要挽救这一切！只有找到灰勒塔的医生，用灰勒塔的乾兔和灰勒塔的冥鱼调制解药，才能解除咕神的诅咒。而关于他最后的消息是，他已踏上了卡拉狄亚大陆，正在寻找可能成为霸主的命运之子。"/>
	<string id="response_1.rc_2haxe_chunluren_4" text="真不知道该说你是幸运还是不幸！好吧，起码你的坚韧让人敬佩。"/>
	<string id="response_2.rc_2haxe_chunluren_4" text="但凡跟神或神殿扯上关系准没啥好事，我想绝大多数人都不想惹一身的麻烦。"/>
	<string id="backstory_d.rc_2haxe_chunluren_4" text="我看好你，如果你想成为卡拉狄亚霸主，那么我愿意成为你的利斧，这样也许能更快找到“逍黒子”！当然，前提是不与神殿合作。"/>
	<string id="generic_backstory.rc_2haxe_chunluren_4" text="那么我能否有幸成为你的伙伴呢？" />

	<string id="prebackstory.rc_2haxe_chunluren_5" text="这位朋友，食不食香翅捞饭？呃，其实我是想问你是否听说过一个叫“逍黒子”的人？他是来自灰勒塔的医生。如果你见过请务必告诉我，感激不尽！"/>
	<string id="backstory_a.rc_2haxe_chunluren_5" text="好吧，如你所见，我是一个为赎罪而生的战士，这里的游吟诗人也许传唱过关于我的故事，哦，那真是个糟糕的故事。两年半以前，珍德士尼亚出现了人畜共患的瘟病，而一切的根源在于我在好奇心驱使下触动了“古神”封印导致的。"/>
	<string id="backstory_b.rc_2haxe_chunluren_5" text="那是一场可怕的灾难，在贵人的指引下我死里逃生，但也受到了诅咒，每到夜里，古神的低语都会在我的脑海中“咕咕咕”地折磨我！但最让我痛苦的是，我害了许多无辜的人，还有我那可怜的梅狸猫。唉！明明有人警告过我不能靠近，结果还是……我真该死啊！不，但现在还不能，如今我背负着拯救珍德士尼亚的重任。"/>
	<string id="backstory_c.rc_2haxe_chunluren_5" text="我的救命恩人告诉我:“想要挽救这一切！只有找到灰勒塔的医生，用灰勒塔的乾兔和灰勒塔的冥鱼调制解药，才能解除咕神的诅咒。而关于他最后的消息是，他已踏上了卡拉狄亚大陆，正在寻找可能成为霸主的命运之子。"/>
	<string id="response_1.rc_2haxe_chunluren_5" text="真不知道该说你是幸运还是不幸！好吧，起码你的坚韧让人敬佩。"/>
	<string id="response_2.rc_2haxe_chunluren_5" text="但凡跟神或神殿扯上关系准没啥好事，我想绝大多数人都不想惹一身的麻烦。"/>
	<string id="backstory_d.rc_2haxe_chunluren_5" text="我看好你，如果你想成为卡拉狄亚霸主，那么我愿意成为你的利斧，这样也许能更快找到“逍黒子”！当然，前提是不与神殿合作。"/>
	<string id="generic_backstory.rc_2haxe_chunluren_5" text="那么我能否有幸成为你的伙伴呢？" />

	<string id="prebackstory.rc_2haxe_chunluren_6" text="这位朋友，食不食香翅捞饭？呃，其实我是想问你是否听说过一个叫“逍黒子”的人？他是来自灰勒塔的医生。如果你见过请务必告诉我，感激不尽！"/>
	<string id="backstory_a.rc_2haxe_chunluren_6" text="好吧，如你所见，我是一个为赎罪而生的战士，这里的游吟诗人也许传唱过关于我的故事，哦，那真是个糟糕的故事。两年半以前，珍德士尼亚出现了人畜共患的瘟病，而一切的根源在于我在好奇心驱使下触动了“古神”封印导致的。"/>
	<string id="backstory_b.rc_2haxe_chunluren_6" text="那是一场可怕的灾难，在贵人的指引下我死里逃生，但也受到了诅咒，每到夜里，古神的低语都会在我的脑海中“咕咕咕”地折磨我！但最让我痛苦的是，我害了许多无辜的人，还有我那可怜的梅狸猫。唉！明明有人警告过我不能靠近，结果还是……我真该死啊！不，但现在还不能，如今我背负着拯救珍德士尼亚的重任。"/>
	<string id="backstory_c.rc_2haxe_chunluren_6" text="我的救命恩人告诉我:“想要挽救这一切！只有找到灰勒塔的医生，用灰勒塔的乾兔和灰勒塔的冥鱼调制解药，才能解除咕神的诅咒。而关于他最后的消息是，他已踏上了卡拉狄亚大陆，正在寻找可能成为霸主的命运之子。"/>
	<string id="response_1.rc_2haxe_chunluren_6" text="真不知道该说你是幸运还是不幸！好吧，起码你的坚韧让人敬佩。"/>
	<string id="response_2.rc_2haxe_chunluren_6" text="但凡跟神或神殿扯上关系准没啥好事，我想绝大多数人都不想惹一身的麻烦。"/>
	<string id="backstory_d.rc_2haxe_chunluren_6" text="我看好你，如果你想成为卡拉狄亚霸主，那么我愿意成为你的利斧，这样也许能更快找到“逍黒子”！当然，前提是不与神殿合作。"/>
	<string id="generic_backstory.rc_2haxe_chunluren_6" text="那么我能否有幸成为你的伙伴呢？" />

	<string id="prebackstory.rc_2haxe_chunluren_7" text="这位朋友，食不食香翅捞饭？呃，其实我是想问你是否听说过一个叫“逍黒子”的人？他是来自灰勒塔的医生。如果你见过请务必告诉我，感激不尽！"/>
	<string id="backstory_a.rc_2haxe_chunluren_7" text="好吧，如你所见，我是一个为赎罪而生的战士，这里的游吟诗人也许传唱过关于我的故事，哦，那真是个糟糕的故事。两年半以前，珍德士尼亚出现了人畜共患的瘟病，而一切的根源在于我在好奇心驱使下触动了“古神”封印导致的。"/>
	<string id="backstory_b.rc_2haxe_chunluren_7" text="那是一场可怕的灾难，在贵人的指引下我死里逃生，但也受到了诅咒，每到夜里，古神的低语都会在我的脑海中“咕咕咕”地折磨我！但最让我痛苦的是，我害了许多无辜的人，还有我那可怜的梅狸猫。唉！明明有人警告过我不能靠近，结果还是……我真该死啊！不，但现在还不能，如今我背负着拯救珍德士尼亚的重任。"/>
	<string id="backstory_c.rc_2haxe_chunluren_7" text="我的救命恩人告诉我:“想要挽救这一切！只有找到灰勒塔的医生，用灰勒塔的乾兔和灰勒塔的冥鱼调制解药，才能解除咕神的诅咒。而关于他最后的消息是，他已踏上了卡拉狄亚大陆，正在寻找可能成为霸主的命运之子。"/>
	<string id="response_1.rc_2haxe_chunluren_7" text="真不知道该说你是幸运还是不幸！好吧，起码你的坚韧让人敬佩。"/>
	<string id="response_2.rc_2haxe_chunluren_7" text="但凡跟神或神殿扯上关系准没啥好事，我想绝大多数人都不想惹一身的麻烦。"/>
	<string id="backstory_d.rc_2haxe_chunluren_7" text="我看好你，如果你想成为卡拉狄亚霸主，那么我愿意成为你的利斧，这样也许能更快找到“逍黒子”！当然，前提是不与神殿合作。"/>
	<string id="generic_backstory.rc_2haxe_chunluren_7" text="那么我能否有幸成为你的伙伴呢？" />

	<string id="prebackstory.rc_2haxe_chunluren_8" text="这位朋友，食不食香翅捞饭？呃，其实我是想问你是否听说过一个叫“逍黒子”的人？他是来自灰勒塔的医生。如果你见过请务必告诉我，感激不尽！"/>
	<string id="backstory_a.rc_2haxe_chunluren_8" text="好吧，如你所见，我是一个为赎罪而生的战士，这里的游吟诗人也许传唱过关于我的故事，哦，那真是个糟糕的故事。两年半以前，珍德士尼亚出现了人畜共患的瘟病，而一切的根源在于我在好奇心驱使下触动了“古神”封印导致的。"/>
	<string id="backstory_b.rc_2haxe_chunluren_8" text="那是一场可怕的灾难，在贵人的指引下我死里逃生，但也受到了诅咒，每到夜里，古神的低语都会在我的脑海中“咕咕咕”地折磨我！但最让我痛苦的是，我害了许多无辜的人，还有我那可怜的梅狸猫。唉！明明有人警告过我不能靠近，结果还是……我真该死啊！不，但现在还不能，如今我背负着拯救珍德士尼亚的重任。"/>
	<string id="backstory_c.rc_2haxe_chunluren_8" text="我的救命恩人告诉我:“想要挽救这一切！只有找到灰勒塔的医生，用灰勒塔的乾兔和灰勒塔的冥鱼调制解药，才能解除咕神的诅咒。而关于他最后的消息是，他已踏上了卡拉狄亚大陆，正在寻找可能成为霸主的命运之子。"/>
	<string id="response_1.rc_2haxe_chunluren_8" text="真不知道该说你是幸运还是不幸！好吧，起码你的坚韧让人敬佩。"/>
	<string id="response_2.rc_2haxe_chunluren_8" text="但凡跟神或神殿扯上关系准没啥好事，我想绝大多数人都不想惹一身的麻烦。"/>
	<string id="backstory_d.rc_2haxe_chunluren_8" text="我看好你，如果你想成为卡拉狄亚霸主，那么我愿意成为你的利斧，这样也许能更快找到“逍黒子”！当然，前提是不与神殿合作。"/>
	<string id="generic_backstory.rc_2haxe_chunluren_8" text="那么我能否有幸成为你的伙伴呢？" />

	<string id="prebackstory.rc_2haxe_chunluren_9" text="这位朋友，食不食香翅捞饭？呃，其实我是想问你是否听说过一个叫“逍黒子”的人？他是来自灰勒塔的医生。如果你见过请务必告诉我，感激不尽！"/>
	<string id="backstory_a.rc_2haxe_chunluren_9" text="好吧，如你所见，我是一个为赎罪而生的战士，这里的游吟诗人也许传唱过关于我的故事，哦，那真是个糟糕的故事。两年半以前，珍德士尼亚出现了人畜共患的瘟病，而一切的根源在于我在好奇心驱使下触动了“古神”封印导致的。"/>
	<string id="backstory_b.rc_2haxe_chunluren_9" text="那是一场可怕的灾难，在贵人的指引下我死里逃生，但也受到了诅咒，每到夜里，古神的低语都会在我的脑海中“咕咕咕”地折磨我！但最让我痛苦的是，我害了许多无辜的人，还有我那可怜的梅狸猫。唉！明明有人警告过我不能靠近，结果还是……我真该死啊！不，但现在还不能，如今我背负着拯救珍德士尼亚的重任。"/>
	<string id="backstory_c.rc_2haxe_chunluren_9" text="我的救命恩人告诉我:“想要挽救这一切！只有找到灰勒塔的医生，用灰勒塔的乾兔和灰勒塔的冥鱼调制解药，才能解除咕神的诅咒。而关于他最后的消息是，他已踏上了卡拉狄亚大陆，正在寻找可能成为霸主的命运之子。"/>
	<string id="response_1.rc_2haxe_chunluren_9" text="真不知道该说你是幸运还是不幸！好吧，起码你的坚韧让人敬佩。"/>
	<string id="response_2.rc_2haxe_chunluren_9" text="但凡跟神或神殿扯上关系准没啥好事，我想绝大多数人都不想惹一身的麻烦。"/>
	<string id="backstory_d.rc_2haxe_chunluren_9" text="我看好你，如果你想成为卡拉狄亚霸主，那么我愿意成为你的利斧，这样也许能更快找到“逍黒子”！当然，前提是不与神殿合作。"/>
	<string id="generic_backstory.rc_2haxe_chunluren_9" text="那么我能否有幸成为你的伙伴呢？" />

	<string id="prebackstory.rc_2haxe_chunluren_10" text="这位朋友，食不食香翅捞饭？呃，其实我是想问你是否听说过一个叫“逍黒子”的人？他是来自灰勒塔的医生。如果你见过请务必告诉我，感激不尽！"/>
	<string id="backstory_a.rc_2haxe_chunluren_10" text="好吧，如你所见，我是一个为赎罪而生的战士，这里的游吟诗人也许传唱过关于我的故事，哦，那真是个糟糕的故事。两年半以前，珍德士尼亚出现了人畜共患的瘟病，而一切的根源在于我在好奇心驱使下触动了“古神”封印导致的。"/>
	<string id="backstory_b.rc_2haxe_chunluren_10" text="那是一场可怕的灾难，在贵人的指引下我死里逃生，但也受到了诅咒，每到夜里，古神的低语都会在我的脑海中“咕咕咕”地折磨我！但最让我痛苦的是，我害了许多无辜的人，还有我那可怜的梅狸猫。唉！明明有人警告过我不能靠近，结果还是……我真该死啊！不，但现在还不能，如今我背负着拯救珍德士尼亚的重任。"/>
	<string id="backstory_c.rc_2haxe_chunluren_10" text="我的救命恩人告诉我:“想要挽救这一切！只有找到灰勒塔的医生，用灰勒塔的乾兔和灰勒塔的冥鱼调制解药，才能解除咕神的诅咒。而关于他最后的消息是，他已踏上了卡拉狄亚大陆，正在寻找可能成为霸主的命运之子。"/>
	<string id="response_1.rc_2haxe_chunluren_10" text="真不知道该说你是幸运还是不幸！好吧，起码你的坚韧让人敬佩。"/>
	<string id="response_2.rc_2haxe_chunluren_10" text="但凡跟神或神殿扯上关系准没啥好事，我想绝大多数人都不想惹一身的麻烦。"/>
	<string id="backstory_d.rc_2haxe_chunluren_10" text="我看好你，如果你想成为卡拉狄亚霸主，那么我愿意成为你的利斧，这样也许能更快找到“逍黒子”！当然，前提是不与神殿合作。"/>
	<string id="generic_backstory.rc_2haxe_chunluren_10" text="那么我能否有幸成为你的伙伴呢？" />

	<string id="prebackstory.rc_2haxe_chunluren_11" text="这位朋友，食不食香翅捞饭？呃，其实我是想问你是否听说过一个叫“逍黒子”的人？他是来自灰勒塔的医生。如果你见过请务必告诉我，感激不尽！"/>
	<string id="backstory_a.rc_2haxe_chunluren_11" text="好吧，如你所见，我是一个为赎罪而生的战士，这里的游吟诗人也许传唱过关于我的故事，哦，那真是个糟糕的故事。两年半以前，珍德士尼亚出现了人畜共患的瘟病，而一切的根源在于我在好奇心驱使下触动了“古神”封印导致的。"/>
	<string id="backstory_b.rc_2haxe_chunluren_11" text="那是一场可怕的灾难，在贵人的指引下我死里逃生，但也受到了诅咒，每到夜里，古神的低语都会在我的脑海中“咕咕咕”地折磨我！但最让我痛苦的是，我害了许多无辜的人，还有我那可怜的梅狸猫。唉！明明有人警告过我不能靠近，结果还是……我真该死啊！不，但现在还不能，如今我背负着拯救珍德士尼亚的重任。"/>
	<string id="backstory_c.rc_2haxe_chunluren_11" text="我的救命恩人告诉我:“想要挽救这一切！只有找到灰勒塔的医生，用灰勒塔的乾兔和灰勒塔的冥鱼调制解药，才能解除咕神的诅咒。而关于他最后的消息是，他已踏上了卡拉狄亚大陆，正在寻找可能成为霸主的命运之子。"/>
	<string id="response_1.rc_2haxe_chunluren_11" text="真不知道该说你是幸运还是不幸！好吧，起码你的坚韧让人敬佩。"/>
	<string id="response_2.rc_2haxe_chunluren_11" text="但凡跟神或神殿扯上关系准没啥好事，我想绝大多数人都不想惹一身的麻烦。"/>
	<string id="backstory_d.rc_2haxe_chunluren_11" text="我看好你，如果你想成为卡拉狄亚霸主，那么我愿意成为你的利斧，这样也许能更快找到“逍黒子”！当然，前提是不与神殿合作。"/>
	<string id="generic_backstory.rc_2haxe_chunluren_11" text="那么我能否有幸成为你的伙伴呢？" />

	<string id="prebackstory.rc_2haxe_chunluren_12" text="这位朋友，食不食香翅捞饭？呃，其实我是想问你是否听说过一个叫“逍黒子”的人？他是来自灰勒塔的医生。如果你见过请务必告诉我，感激不尽！"/>
	<string id="backstory_a.rc_2haxe_chunluren_12" text="好吧，如你所见，我是一个为赎罪而生的战士，这里的游吟诗人也许传唱过关于我的故事，哦，那真是个糟糕的故事。两年半以前，珍德士尼亚出现了人畜共患的瘟病，而一切的根源在于我在好奇心驱使下触动了“古神”封印导致的。"/>
	<string id="backstory_b.rc_2haxe_chunluren_12" text="那是一场可怕的灾难，在贵人的指引下我死里逃生，但也受到了诅咒，每到夜里，古神的低语都会在我的脑海中“咕咕咕”地折磨我！但最让我痛苦的是，我害了许多无辜的人，还有我那可怜的梅狸猫。唉！明明有人警告过我不能靠近，结果还是……我真该死啊！不，但现在还不能，如今我背负着拯救珍德士尼亚的重任。"/>
	<string id="backstory_c.rc_2haxe_chunluren_12" text="我的救命恩人告诉我:“想要挽救这一切！只有找到灰勒塔的医生，用灰勒塔的乾兔和灰勒塔的冥鱼调制解药，才能解除咕神的诅咒。而关于他最后的消息是，他已踏上了卡拉狄亚大陆，正在寻找可能成为霸主的命运之子。"/>
	<string id="response_1.rc_2haxe_chunluren_12" text="真不知道该说你是幸运还是不幸！好吧，起码你的坚韧让人敬佩。"/>
	<string id="response_2.rc_2haxe_chunluren_12" text="但凡跟神或神殿扯上关系准没啥好事，我想绝大多数人都不想惹一身的麻烦。"/>
	<string id="backstory_d.rc_2haxe_chunluren_12" text="我看好你，如果你想成为卡拉狄亚霸主，那么我愿意成为你的利斧，这样也许能更快找到“逍黒子”！当然，前提是不与神殿合作。"/>
	<string id="generic_backstory.rc_2haxe_chunluren_12" text="那么我能否有幸成为你的伙伴呢？" />


	<string id="prebackstory.rc_vlandia_sqs" text="小盆友，你和我死去的爱人长得很像。哦...呵呵，想听我的故事啊，那我就来说说吧，相信你不会觉的这是个离奇的故事。这是个关于卡拉迪亚圣骑士的荣耀的故事。"/>
	<string id="backstory_a.rc_vlandia_sqs" text="我是个瓦兰人，家里有几个骑士，有次战斗就剩下一个冠军骑士和几个杂兵，然后被大队海寇劫了，我差点就被打死了，那个骑士过来把海寇干掉了救了我一命，最后只剩我和他逃回奥克斯霍尔。我回到封地维戎堡后召集士兵复仇，就留他一个人在那继续养伤。连续几年征战后我幸运地当了国王，扛起龙旗带领瓦兰迪亚铲平巴旦斯特、西帝北帝，南帝国也被打得就剩席隆尼亚。"/>
	<string id="backstory_b.rc_vlandia_sqs" text="但是不幸开始降临，我的唯一爱人，那个巴旦陷阵骑士，在马凯布大决战中被阿塞莱的锤子带走了。哥哥和舅舅战死在波罗斯附近，弟弟战死在蒂亚尔，妹妹在马鲁纳斯失踪了，还不到25岁。后面发生了很多事，身边的至亲，好友，侍卫都挨个离世。"/>
	<string id="backstory_c.rc_vlandia_sqs" text="可能是因为我活得太长了吧，只有驻守在维戎堡的那个重伤残废的冠军骑士和我一直活到七十多岁。然后他陪我回到萨哥特北面，有两个桥的地方，那里是我向国王宣誓的地方，梦开始的地方，直至死亡。"/>
	<string id="response_1.rc_vlandia_sqs" text="我丝毫不觉得离奇，这可能是你听了吟游诗人的竖琴诗歌以后做的梦吧。"/>
	<string id="response_2.rc_vlandia_sqs" text="我觉得你是不是脑子有点问题啊，这就算不离奇，但也是言行逆天，离了大谱。"/>
	<string id="backstory_d.rc_vlandia_sqs" text="没错我和你说的是我每天做的梦，但是却如此得真实，让我不得不怀疑我来自另一个年代。嗯，我很确定，梦中的场景就跟真实发生过的事一样，那可能是未来的卡拉迪亚大陆吧。"/>
	<string id="generic_backstory.rc_vlandia_sqs" text="那么我能否有幸成为你的伙伴呢？" />

	<string id="prebackstory.rc_vlandia_sqs_2" text="小盆友，你和我死去的爱人长得很像。哦...呵呵，想听我的故事啊，那我就来说说吧，相信你不会觉的这是个离奇的故事。这是个关于卡拉迪亚圣骑士的荣耀的故事。"/>
	<string id="backstory_a.rc_vlandia_sqs_2" text="我是个瓦兰人，家里有几个骑士，有次战斗就剩下一个冠军骑士和几个杂兵，然后被大队海寇劫了，我差点就被打死了，那个骑士过来把海寇干掉了救了我一命，最后只剩我和他逃回奥克斯霍尔。我回到封地维戎堡后召集士兵复仇，就留他一个人在那继续养伤。连续几年征战后我幸运地当了国王，扛起龙旗带领瓦兰迪亚铲平巴旦斯特、西帝北帝，南帝国也被打得就剩席隆尼亚。"/>
	<string id="backstory_b.rc_vlandia_sqs_2" text="但是不幸开始降临，我的唯一爱人，那个巴旦陷阵骑士，在马凯布大决战中被阿塞莱的锤子带走了。哥哥和舅舅战死在波罗斯附近，弟弟战死在蒂亚尔，妹妹在马鲁纳斯失踪了，还不到25岁。后面发生了很多事，身边的至亲，好友，侍卫都挨个离世。"/>
	<string id="backstory_c.rc_vlandia_sqs_2" text="可能是因为我活得太长了吧，只有驻守在维戎堡的那个重伤残废的冠军骑士和我一直活到七十多岁。然后他陪我回到萨哥特北面，有两个桥的地方，那里是我向国王宣誓的地方，梦开始的地方，直至死亡。"/>
	<string id="response_1.rc_vlandia_sqs_2" text="我丝毫不觉得离奇，这可能是你听了吟游诗人的竖琴诗歌以后做的梦吧。"/>
	<string id="response_2.rc_vlandia_sqs_2" text="我觉得你是不是脑子有点问题啊，这就算不离奇，但也是言行逆天，离了大谱。"/>
	<string id="backstory_d.rc_vlandia_sqs_2" text="没错我和你说的是我每天做的梦，但是却如此得真实，让我不得不怀疑我来自另一个年代。嗯，我很确定，梦中的场景就跟真实发生过的事一样，那可能是未来的卡拉迪亚大陆吧。"/>
	<string id="generic_backstory.rc_vlandia_sqs_2" text="那么我能否有幸成为你的伙伴呢？" />

	<string id="prebackstory.rc_vlandia_sqs_3" text="小盆友，你和我死去的爱人长得很像。哦...呵呵，想听我的故事啊，那我就来说说吧，相信你不会觉的这是个离奇的故事。这是个关于卡拉迪亚圣骑士的荣耀的故事。"/>
	<string id="backstory_a.rc_vlandia_sqs_3" text="我是个瓦兰人，家里有几个骑士，有次战斗就剩下一个冠军骑士和几个杂兵，然后被大队海寇劫了，我差点就被打死了，那个骑士过来把海寇干掉了救了我一命，最后只剩我和他逃回奥克斯霍尔。我回到封地维戎堡后召集士兵复仇，就留他一个人在那继续养伤。连续几年征战后我幸运地当了国王，扛起龙旗带领瓦兰迪亚铲平巴旦斯特、西帝北帝，南帝国也被打得就剩席隆尼亚。"/>
	<string id="backstory_b.rc_vlandia_sqs_3" text="但是不幸开始降临，我的唯一爱人，那个巴旦陷阵骑士，在马凯布大决战中被阿塞莱的锤子带走了。哥哥和舅舅战死在波罗斯附近，弟弟战死在蒂亚尔，妹妹在马鲁纳斯失踪了，还不到25岁。后面发生了很多事，身边的至亲，好友，侍卫都挨个离世。"/>
	<string id="backstory_c.rc_vlandia_sqs_3" text="可能是因为我活得太长了吧，只有驻守在维戎堡的那个重伤残废的冠军骑士和我一直活到七十多岁。然后他陪我回到萨哥特北面，有两个桥的地方，那里是我向国王宣誓的地方，梦开始的地方，直至死亡。"/>
	<string id="response_1.rc_vlandia_sqs_3" text="我丝毫不觉得离奇，这可能是你听了吟游诗人的竖琴诗歌以后做的梦吧。"/>
	<string id="response_2.rc_vlandia_sqs_3" text="我觉得你是不是脑子有点问题啊，这就算不离奇，但也是言行逆天，离了大谱。"/>
	<string id="backstory_d.rc_vlandia_sqs_3" text="没错我和你说的是我每天做的梦，但是却如此得真实，让我不得不怀疑我来自另一个年代。嗯，我很确定，梦中的场景就跟真实发生过的事一样，那可能是未来的卡拉迪亚大陆吧。"/>
	<string id="generic_backstory.rc_vlandia_sqs_3" text="那么我能否有幸成为你的伙伴呢？" />

	<string id="prebackstory.rc_vlandia_sqs_4" text="小盆友，你和我死去的爱人长得很像。哦...呵呵，想听我的故事啊，那我就来说说吧，相信你不会觉的这是个离奇的故事。这是个关于卡拉迪亚圣骑士的荣耀的故事。"/>
	<string id="backstory_a.rc_vlandia_sqs_4" text="我是个瓦兰人，家里有几个骑士，有次战斗就剩下一个冠军骑士和几个杂兵，然后被大队海寇劫了，我差点就被打死了，那个骑士过来把海寇干掉了救了我一命，最后只剩我和他逃回奥克斯霍尔。我回到封地维戎堡后召集士兵复仇，就留他一个人在那继续养伤。连续几年征战后我幸运地当了国王，扛起龙旗带领瓦兰迪亚铲平巴旦斯特、西帝北帝，南帝国也被打得就剩席隆尼亚。"/>
	<string id="backstory_b.rc_vlandia_sqs_4" text="但是不幸开始降临，我的唯一爱人，那个巴旦陷阵骑士，在马凯布大决战中被阿塞莱的锤子带走了。哥哥和舅舅战死在波罗斯附近，弟弟战死在蒂亚尔，妹妹在马鲁纳斯失踪了，还不到25岁。后面发生了很多事，身边的至亲，好友，侍卫都挨个离世。"/>
	<string id="backstory_c.rc_vlandia_sqs_4" text="可能是因为我活得太长了吧，只有驻守在维戎堡的那个重伤残废的冠军骑士和我一直活到七十多岁。然后他陪我回到萨哥特北面，有两个桥的地方，那里是我向国王宣誓的地方，梦开始的地方，直至死亡。"/>
	<string id="response_1.rc_vlandia_sqs_4" text="我丝毫不觉得离奇，这可能是你听了吟游诗人的竖琴诗歌以后做的梦吧。"/>
	<string id="response_2.rc_vlandia_sqs_4" text="我觉得你是不是脑子有点问题啊，这就算不离奇，但也是言行逆天，离了大谱。"/>
	<string id="backstory_d.rc_vlandia_sqs_4" text="没错我和你说的是我每天做的梦，但是却如此得真实，让我不得不怀疑我来自另一个年代。嗯，我很确定，梦中的场景就跟真实发生过的事一样，那可能是未来的卡拉迪亚大陆吧。"/>
	<string id="generic_backstory.rc_vlandia_sqs_4" text="那么我能否有幸成为你的伙伴呢？" />

	<string id="prebackstory.rc_vlandia_sqs_5" text="小盆友，你和我死去的爱人长得很像。哦...呵呵，想听我的故事啊，那我就来说说吧，相信你不会觉的这是个离奇的故事。这是个关于卡拉迪亚圣骑士的荣耀的故事。"/>
	<string id="backstory_a.rc_vlandia_sqs_5" text="我是个瓦兰人，家里有几个骑士，有次战斗就剩下一个冠军骑士和几个杂兵，然后被大队海寇劫了，我差点就被打死了，那个骑士过来把海寇干掉了救了我一命，最后只剩我和他逃回奥克斯霍尔。我回到封地维戎堡后召集士兵复仇，就留他一个人在那继续养伤。连续几年征战后我幸运地当了国王，扛起龙旗带领瓦兰迪亚铲平巴旦斯特、西帝北帝，南帝国也被打得就剩席隆尼亚。"/>
	<string id="backstory_b.rc_vlandia_sqs_5" text="但是不幸开始降临，我的唯一爱人，那个巴旦陷阵骑士，在马凯布大决战中被阿塞莱的锤子带走了。哥哥和舅舅战死在波罗斯附近，弟弟战死在蒂亚尔，妹妹在马鲁纳斯失踪了，还不到25岁。后面发生了很多事，身边的至亲，好友，侍卫都挨个离世。"/>
	<string id="backstory_c.rc_vlandia_sqs_5" text="可能是因为我活得太长了吧，只有驻守在维戎堡的那个重伤残废的冠军骑士和我一直活到七十多岁。然后他陪我回到萨哥特北面，有两个桥的地方，那里是我向国王宣誓的地方，梦开始的地方，直至死亡。"/>
	<string id="response_1.rc_vlandia_sqs_5" text="我丝毫不觉得离奇，这可能是你听了吟游诗人的竖琴诗歌以后做的梦吧。"/>
	<string id="response_2.rc_vlandia_sqs_5" text="我觉得你是不是脑子有点问题啊，这就算不离奇，但也是言行逆天，离了大谱。"/>
	<string id="backstory_d.rc_vlandia_sqs_5" text="没错我和你说的是我每天做的梦，但是却如此得真实，让我不得不怀疑我来自另一个年代。嗯，我很确定，梦中的场景就跟真实发生过的事一样，那可能是未来的卡拉迪亚大陆吧。"/>
	<string id="generic_backstory.rc_vlandia_sqs_5" text="那么我能否有幸成为你的伙伴呢？" />

	<string id="prebackstory.rc_empire_jzqs" text="你好，我是帝国皇家骑士团黎明骑士团的团长， 呃，至少以前是的，听说你想大展拳脚一番，不妨和我聊聊。"/>
	<string id="backstory_a.rc_empire_jzqs" text="我是个帝国人，涅雷采斯的黎明骑士团的团长，精锐中的精锐，是我们横扫了瓦兰的弩兵，这是一个辉煌的胜利。但是，黎明骑士团自己也战死大半，绝大多数战死于斧枪和弩箭的夹击，这个弩箭会钻进具装的缝隙，斧枪很容易就能把受伤的骑士拖下马。"/>
	<string id="backstory_b.rc_empire_jzqs" text="总之，回国以后，黎明骑士团就被撤了编，剩下的小半人不是心灰意冷回乡下，就是被迫改编到其他的编队。而我，因为跟卢孔有些小过节，彻底被裁了。"/>
	<string id="backstory_c.rc_empire_jzqs" text="从此以后，我多了一个流浪的骑士团长的绰号，当然这是吟游诗人给起的，可是，我并不甘心，我还能战斗。"/>
	<string id="response_1.rc_empire_jzqs" text="卢孔的做法确实过分了，我觉得你应该是个很不错的骑士，既然能做到团长的位置。"/>
	<string id="response_2.rc_empire_jzqs" text="其实在乡下没什么不好，现在神殿崛起了，战事频繁，你很可能会丧命。"/>
	<string id="backstory_d.rc_empire_jzqs" text="我觉得骑士的意义在于锄强扶弱，如果你和我一样愿意保护村民，我可以一分钱报酬都不要，你只要负责我的装备就行了。"/>
	<string id="generic_backstory.rc_empire_jzqs" text="那么我能否有幸成为你的伙伴呢？" />

	<string id="prebackstory.rc_empire_jzqs2" text="你好，我是帝国皇家骑士团黎明骑士团的团长， 呃，至少以前是的，听说你想大展拳脚一番，不妨和我聊聊。"/>
	<string id="backstory_a.rc_empire_jzqs2" text="我是个帝国人，涅雷采斯的黎明骑士团的团长，精锐中的精锐，是我们横扫了瓦兰的弩兵，这是一个辉煌的胜利。但是，黎明骑士团自己也战死大半，绝大多数战死于斧枪和弩箭的夹击，这个弩箭会钻进具装的缝隙，斧枪很容易就能把受伤的骑士拖下马。"/>
	<string id="backstory_b.rc_empire_jzqs2" text="总之，回国以后，黎明骑士团就被撤了编，剩下的小半人不是心灰意冷回乡下，就是被迫改编到其他的编队。而我，因为跟卢孔有些小过节，彻底被裁了。"/>
	<string id="backstory_c.rc_empire_jzqs2" text="从此以后，我多了一个流浪的骑士团长的绰号，当然这是吟游诗人给起的，可是，我并不甘心，我还能战斗。"/>
	<string id="response_1.rc_empire_jzqs2" text="卢孔的做法确实过分了，我觉得你应该是个很不错的骑士，既然能做到团长的位置。"/>
	<string id="response_2.rc_empire_jzqs2" text="其实在乡下没什么不好，现在神殿崛起了，战事频繁，你很可能会丧命。"/>
	<string id="backstory_d.rc_empire_jzqs2" text="我觉得骑士的意义在于锄强扶弱，如果你和我一样愿意保护村民，我可以一分钱报酬都不要，你只要负责我的装备就行了。"/>
	<string id="generic_backstory.rc_empire_jzqs2" text="那么我能否有幸成为你的伙伴呢？" />

	<string id="prebackstory.rc_empire_jzqs3" text="你好，我是帝国皇家骑士团黎明骑士团的团长， 呃，至少以前是的，听说你想大展拳脚一番，不妨和我聊聊。"/>
	<string id="backstory_a.rc_empire_jzqs3" text="我是个帝国人，涅雷采斯的黎明骑士团的团长，精锐中的精锐，是我们横扫了瓦兰的弩兵，这是一个辉煌的胜利。但是，黎明骑士团自己也战死大半，绝大多数战死于斧枪和弩箭的夹击，这个弩箭会钻进具装的缝隙，斧枪很容易就能把受伤的骑士拖下马。"/>
	<string id="backstory_b.rc_empire_jzqs3" text="总之，回国以后，黎明骑士团就被撤了编，剩下的小半人不是心灰意冷回乡下，就是被迫改编到其他的编队。而我，因为跟卢孔有些小过节，彻底被裁了。"/>
	<string id="backstory_c.rc_empire_jzqs3" text="从此以后，我多了一个流浪的骑士团长的绰号，当然这是吟游诗人给起的，可是，我并不甘心，我还能战斗。"/>
	<string id="response_1.rc_empire_jzqs3" text="卢孔的做法确实过分了，我觉得你应该是个很不错的骑士，既然能做到团长的位置。"/>
	<string id="response_2.rc_empire_jzqs3" text="其实在乡下没什么不好，现在神殿崛起了，战事频繁，你很可能会丧命。"/>
	<string id="backstory_d.rc_empire_jzqs3" text="我觉得骑士的意义在于锄强扶弱，如果你和我一样愿意保护村民，我可以一分钱报酬都不要，你只要负责我的装备就行了。"/>
	<string id="generic_backstory.rc_empire_jzqs3" text="那么我能否有幸成为你的伙伴呢？" />

	<string id="prebackstory.rc_empire_jzqs4" text="你好，我是帝国皇家骑士团黎明骑士团的团长， 呃，至少以前是的，听说你想大展拳脚一番，不妨和我聊聊。"/>
	<string id="backstory_a.rc_empire_jzqs4" text="我是个帝国人，涅雷采斯的黎明骑士团的团长，精锐中的精锐，是我们横扫了瓦兰的弩兵，这是一个辉煌的胜利。但是，黎明骑士团自己也战死大半，绝大多数战死于斧枪和弩箭的夹击，这个弩箭会钻进具装的缝隙，斧枪很容易就能把受伤的骑士拖下马。"/>
	<string id="backstory_b.rc_empire_jzqs4" text="总之，回国以后，黎明骑士团就被撤了编，剩下的小半人不是心灰意冷回乡下，就是被迫改编到其他的编队。而我，因为跟卢孔有些小过节，彻底被裁了。"/>
	<string id="backstory_c.rc_empire_jzqs4" text="从此以后，我多了一个流浪的骑士团长的绰号，当然这是吟游诗人给起的，可是，我并不甘心，我还能战斗。"/>
	<string id="response_1.rc_empire_jzqs4" text="卢孔的做法确实过分了，我觉得你应该是个很不错的骑士，既然能做到团长的位置。"/>
	<string id="response_2.rc_empire_jzqs4" text="其实在乡下没什么不好，现在神殿崛起了，战事频繁，你很可能会丧命。"/>
	<string id="backstory_d.rc_empire_jzqs4" text="我觉得骑士的意义在于锄强扶弱，如果你和我一样愿意保护村民，我可以一分钱报酬都不要，你只要负责我的装备就行了。"/>
	<string id="generic_backstory.rc_empire_jzqs4" text="那么我能否有幸成为你的伙伴呢？" />

	<string id="prebackstory.rc_empire_jzqs5" text="你好，我是帝国皇家骑士团黎明骑士团的团长， 呃，至少以前是的，听说你想大展拳脚一番，不妨和我聊聊。"/>
	<string id="backstory_a.rc_empire_jzqs5" text="我是个帝国人，涅雷采斯的黎明骑士团的团长，精锐中的精锐，是我们横扫了瓦兰的弩兵，这是一个辉煌的胜利。但是，黎明骑士团自己也战死大半，绝大多数战死于斧枪和弩箭的夹击，这个弩箭会钻进具装的缝隙，斧枪很容易就能把受伤的骑士拖下马。"/>
	<string id="backstory_b.rc_empire_jzqs5" text="总之，回国以后，黎明骑士团就被撤了编，剩下的小半人不是心灰意冷回乡下，就是被迫改编到其他的编队。而我，因为跟卢孔有些小过节，彻底被裁了。"/>
	<string id="backstory_c.rc_empire_jzqs5" text="从此以后，我多了一个流浪的骑士团长的绰号，当然这是吟游诗人给起的，可是，我并不甘心，我还能战斗。"/>
	<string id="response_1.rc_empire_jzqs5" text="卢孔的做法确实过分了，我觉得你应该是个很不错的骑士，既然能做到团长的位置。"/>
	<string id="response_2.rc_empire_jzqs5" text="其实在乡下没什么不好，现在神殿崛起了，战事频繁，你很可能会丧命。"/>
	<string id="backstory_d.rc_empire_jzqs5" text="我觉得骑士的意义在于锄强扶弱，如果你和我一样愿意保护村民，我可以一分钱报酬都不要，你只要负责我的装备就行了。"/>
	<string id="generic_backstory.rc_empire_jzqs5" text="那么我能否有幸成为你的伙伴呢？" />

</strings>